GDP: Gross domestic product (million current US$),"GDP growth rate (annual %, const. 2015 prices)",GDP per capita (current US$),Economy: Agriculture (% of Gross Value Added),Economy: Industry (% of Gross Value Added),Economy: Services and other activity (% of GVA),Employment in agricultureh (% of employed),Employment in industryh (% of employed),Employment in servicese (% employed),Unemploymenth (% of labour force),Labour force participation rateh (female/male pop. %),CPI: Consumer Price Index (2010=100),Agricultural production index (2014-2016=100),International trade: exports (million current US$),International trade: imports (million current US$),International trade: balance (million current US$),"Balance of payments, current account (million US$)",Country
"['14 699', '18 713', '17 877b']","['5.2', '-1.4', '4b']","['503.6', '543.8', '469.9b']","['33.2', '27.3', '26.9d,b']","['13', '10.8', '12.8e,f,b']","['53.8', '61.9', '60.4g,b']","['54.7', '47.1', '42.4c']","['14.4', '17', '18.3c']",,"['11.5', '11.4', '11.2c']","['14.9 /       78.4', '18.8 /       76.2', '21.8 /       74.6c']","['100', '133', '150b']","['93', '96', '111b']","['388', '571', '1 022h,c']","['5 154', '7 723', '9 683h,c']","['- 4 766', '- 7 151', '- 8 661h,c']","['-578', '- 4 193', '- 3 137c']",Afghanistan
"['11 927', '11 387', '15 278b']","['3.7', '2.2', '2.2b']","['4 045.7', '3 939.4', '5 303.2b']",,,,,,,"['14.1', '17.1', '12.8c']","['45.8 /       62.9', '46.1 /       63.8', '46.6 /       64.4c']",,"['86', '100', '103b']",,,,"['- 1 356', '-980', '- 1 318c']",Albania
"['161 207', '165 979', '171 158b']","['3.6', '3.7', '0.8b']","['4 480.8', '4 177.9', '3 975.5b']","['8.6', '12.1', '12.9b']","['51.4', '37.3', '39b']","['40', '50.6', '48.1b']",,,"['58', '58.7', '59.6d']",,,,"['76', '100', '112b']","['57 051', '34 796', '28 986e,d']","['41 000', '51 803', '41 678e,d']","['16 051', '- 17 007', '- 12 692e,d']","['12 220', '- 27 038', '- 17 148b']",Algeria
,,,,,,,,,,,,,,,,,American Samoa
"['3 447', '2 789', '3 154b']","['-2', '1.4', '1.8b']","['40 812.4', '35 748.3', '40 887.4b']",,,,,,,,,,,"['92', '90', '165j,d']","['1 541', '1 294', '1 499j,d']","['- 1 448', '- 1 204', '- 1 334j,d']","['...', '...', '568b']",Andorra
"['83 799', '116 194', '85 001b']","['4.9', '0.9', '-1.5b']","['3 587.9', '4 167.0', '2 670.9b']","['6.2', '9.1', '9.5b']","['52.1', '42.1', '44.5b']","['41.7', '48.8', '45.9b']",,,"['43.3', '40.8', '41.7d']",,,,"['90', '100', '110b']","['52 612', '33 925', '72 235e,d']","['18 143', '21 549', '40 991e,d']","['34 469', '12 376', '31 244e,d']","['7 506', '- 10 273', '894d']",Angola
"['268', '331', '380b']","['-4.6', '3.1', '5.4b']","['19 923.5', '23 148.3', '25 528.6b']","['2.1', '2.3', '2.9b']","['16.1', '15.7', '11.8b']","['81.9', '81.9', '85.3b']",,,,,,"['100f', '105', '107b']",,,,,"['-51', '-89', '-136d']",Anguilla
"['1 149', '1 337', '1 662b']","['-7.8', '3.8', '3.4b']","['13 049.3', '14 286.1', '17 112.8b']","['1.8', '1.8', '2b']","['18.3', '18.7', '24.1b']","['79.9', '79.5', '74b']",,,,,,"['100', '110', '115b']","['102', '99', '93b']","['35', '26', '22h,e']","['501', '465', '401h,e']","['-466', '-439', '-380h,e']","['-167', '29', '-113d']",Antigua and Barbuda
"['426 487', '644 903', '449 664c']","['10.1', '2.7', '-2.2c']","['10 428.6', '14 971.5', '10 041.5c']","['8.5', '6.1', '8.6c']","['30.1', '27.5', '27.6c']","['61.4', '66.3', '63.9c']",,,,,,"['...', '...', '331g,e']","['88', '104', '113c']","['68 174', '56 784', '54 884e']","['56 792', '60 203', '42 356e']","['11 382', '- 3 419', '12 528e']","['- 1 623', '- 17 622', '2 985e']",Argentina
"['9 875', '10 553', '13 673b']","['2.2', '3.2', '7.6b']","['3 432.1', '3 607.3', '4 622.7b']",,,,,,,"['19', '18.3', '16.6c']","['47.2 /       67.8', '49.0 /       66.8', '47.0 /       65.8c']",,"['74', '106', '81b']","['1 011', '1 483', '2 520c']","['3 782', '3 257', '4 541c']","['- 2 770', '- 1 774', '- 2 021c']","['- 1 261', '-285', '-394c']",Armenia
"['2 502', '2 920', '3 293b']","['-3.3', '5.7', '-0.7b']","['24 607.3', '27 980.4', '30 974.7b']",,,,,,,,,,,"['125', '80', '66d']","['1 071', '1 165', '939d']","['-947', '- 1 085', '-873d']","['-460', '111', '-324d']",Aruba
"['1 299 463', '1 247 634', '1 380 208d']","['2.5', '2.8', '-0.3d']","['58 654.1', '52 131.4', '54 763.2d']",,,,,,,,,,"['85', '100', '89d']",,,,"['- 44 714', '- 56 959', '33 829f']",Australia
"['391 893', '381 818', '445 075b']","['1.8', '1', '1.4b']","['46 598.7', '43 995.0', '49 700.8b']",,,,,,,"['4.8', '5.7', '4.8c']","['53.5 /       66.9', '54.5 /       66.0', '55.0 /       66.4c']","['100', '111', '120c']","['95', '97', '100b']","['144 882', '145 276', '164 332h,c']","['150 593', '147 928', '162 981h,c']","['- 5 711', '- 2 652', '1 351h,c']","['11 472', '6 634', '10 781c']",Austria
"['52 906', '53 076', '48 048c']","['4.8', '1', '2.2c']","['5 857.3', '5 515.7', '4 781.9c']",,,,,,,,,"['100', '118', '161e']","['86', '101', '126c']","['21 278', '12 646', '13 741e']","['6 597', '9 214', '10 730e']","['14 682', '3 432', '3 011e']","['15 040', '-222', '-228e']",Azerbaijan
"['10 096', '11 711', '13 579b']","['1.5', '0.2', '1.2b']","['28 443.5', '31 295.1', '34 863.7b']",,,,,,,,,,"['93', '101', '101b']","['620', '443', '410i,d']","['2 862', '3 161', '2 790i,d']","['- 2 242', '- 2 719', '- 2 380i,d']","['-814', '- 1 203', '- 2 065d']",Bahamas
"['25 713', '31 126', '38 574b']","['4.3', '2.9', '1.8b']","['20 722.1', '22 688.9', '23 504.0b']",,,,,,,,,,"['32', '104', '129b']","['16 059', '13 882', '14 066f,d']","['16 002', '16 390', '14 193f,d']","['58', '- 2 508', '-127f,d']","['770', '-752', '- 2 435h']",Bahrain
"['114 508', '194 466', '301 051b']","['5.6', '6.6', '8.2b']","['775.9', '1 244.5', '1 846.4b']","['17.8', '15.3', '13.3b']","['26.1', '27.8', '31.2b']","['56', '57', '55.5b']",,,,,,,"['90', '101', '109b']","['19 231', '31 734', '30 768e,d']","['30 504', '48 059', '45 777e,d']","['- 11 273', '- 16 325', '- 15 009e,d']","['2 109', '2 580', '1 082d']",Bangladesh
"['4 530', '4 715', '5 209b']","['-2.3', '2.4', '-0.1b']","['16 056.2', '16 525.1', '18 149.0b']",,,,,,,,,,"['107', '102', '106b']","['314', '483', '345d']","['1 196', '1 618', '1 501d']","['-883', '- 1 135', '- 1 156d']","['-272', '-99', '-453n']",Barbados
"['57 232', '56 455', '63 081b']","['7.8', '-3.8', '1.2b']","['6 075.2', '5 980.7', '6 673.5b']",,,,,,,,,"['100i', '387', '536d']","['97', '100', '101b']","['25 283', '26 660', '29 040i,d']","['34 884', '30 291', '32 592i,d']","['- 9 601', '- 3 631', '- 3 553i,d']","['- 8 280', '- 1 831', '-241d']",Belarus
"['480 952', '462 150', '533 097b']","['2.9', '2', '1.7b']","['43 967.7', '40 941.9', '46 198.3b']",,,,,,,,,"['100j', '109j', '118d']","['96', '101', '102b']","['407 596', '397 739', '298 313d']","['391 256', '371 025', '301 292d']","['16 340', '26 714', '- 2 979d']","['7 338', '6 363', '-933d']",Belgium
"['1 377', '1 724', '1 907b']","['3', '2.8', '0.3b']","['4 270.8', '4 775.9', '4 815.2b']","['12.8', '14.7', '11b']","['21', '16.3', '13.7b']","['66.2', '69', '75.3b']",,,,,,,"['97', '102', '99b']","['282', '314', '212d']","['700', '996', '787d']","['-418', '-682', '-575d']","['-46', '-175', '-128d']",Belize
"['6 970', '11 380', '14 403b']","['2.1', '13', '6.9b']","['757.7', '1 076.0', '1 220.5b']","['25.4', '28.7g', '29.4g,b']","['24.7', '17.8h,i', '17.9h,i,b']","['49.9', '53.5j', '52.7j,b']",,,,,,,"['77', '93', '119b']","['534', '626', '763k,f']","['2 134', '2 475', '2 551k,f']","['- 1 600', '- 1 849', '- 1 788k,f']","['-531', '-679', '-581b']",Benin
"['6 635', '6 655', '7 361b']","['0.6', '0.8', '2.4b']","['101 462.4', '104 480.0', '117 767.9b']",,"['6.9', '5.3', '5.8b']",,,,,,,"['...', '148n,o', '...']",,"['15p', '9', '19d']","['970', '929', '904d']","['-955p', '-920', '-885d']","['696', '943', '828b']",Bermuda
"['1 585', '2 004', '2 564b']","['11.7', '6.6', '3.8b']","['2 312.8', '2 752.7', '3 360.6b']","['15.4', '15.1', '15.9b']","['45.7', '44.5', '43.2b']","['38.9', '40.4', '40.9b']",,,,,,"['100', '88f', '106f,d']","['97', '97', '99b']","['413', '549e', '584e,d']","['854', '1 062e', '922e,d']","['-440', '-512e', '-337e,d']","['-323', '-548', '-381d']",Bhutan
"['19 650', '33 000', '40 895c']","['4.1', '4.9', '2.2c']","['1 955.5', '3 036.0', '3 552.1c']","['12.4', '12.6', '13.9c']","['35.8', '31', '28.6c']","['51.8', '56.5', '57.5c']",,,,,,,"['79', '103', '110c']","['7 051', '8 923', '7 033f']","['5 604', '9 843', '7 115f']","['1 448', '-920', '-82f']","['874', '- 1 936', '-176f']",Bolivia (Plurinational State of)
,,,,,,,,,,,,,,,,,"Bonaire, Sint Eustatius and Saba"
"['17 176', '16 212', '20 164b']","['0.9', '3.1', '2.7b']","['4 635.4', '4 727.3', '6 108.6b']",,,,,,,,,"['100', '104', '104d']","['100', '99', '105b']","['4 803', '5 099', '6 149d']","['9 223', '8 994', '9 867d']","['- 4 420', '- 3 895', '- 3 719d']","['- 1 031', '-826', '-635d']",Bosnia and Herzegovina
"['12 787', '14 421', '18 341b']","['8.6', '-1.7', '3b']","['6 434.8', '6 799.9', '7 961.4b']","['2.8', '2.4', '2.2b']","['35.7', '33.2', '31.2b']","['61.6', '64.4', '66.6b']",,,"['57.1', '59.5', '61.5d']",,,,"['124', '104', '98b']","['4 693', '6 330', '4 256d']","['5 657', '8 048', '6 503d']","['-964', '- 1 718', '- 2 247d']","['-744', '301', '- 1 397b']",Botswana
"['2 208 838', '1 802 212', '1 847 796b']","['7.5', '-3.5', '1.1b']","['11 286.1', '8 814.0', '8 755.3b']",,,,,,,,,,"['89', '102', '110b']",,,,"['- 79 237', '- 54 789', '- 24 074d']",Brazil
"['1 021', '1 174', '1 297b']","['-0.1', '0.8', '2.6b']","['36 732.2', '40 283.1', '43 188.6b']",,,,,,,,,,,,,,,British Virgin Islands
"['13 707', '12 930', '13 469b']","['2.6', '-0.4', '3.9b']","['35 268.9', '31 164.3', '31 086.3b']",,,,,,,,,"['100', '100', '101d']","['90', '98', '97b']","['8 908', '6 353', '7 113i,d']","['2 539', '3 229', '7 236i,d']","['6 369', '3 124', '-124i,d']","['5 016', '2 157', '514d']",Brunei Darussalam
"['50 364', '50 631', '67 926b']","['0.6', '4', '3.4b']","['6 783.0', '7 032.3', '9 703.5b']",,,,,,,"['10.3', '9.1', '3.8c']","['47.7 /       59.5', '48.6 /       60.1', '49.1 /       61.9c']",,"['92', '98', '106b']","['20 608', '25 779', '31 801h,c']","['25 360', '29 265', '34 880h,c']","['- 4 752', '- 3 486', '- 3 079h,c']","['-965', '-123', '-538c']",Bulgaria
"['10 100', '11 823', '15 991b']","['8.4', '3.9', '5.7b']","['647.2', '652.8', '786.9b']",,,,,,,,,,"['89', '96', '107b']","['1 288', '2 177', '3 269i,d']","['2 048', '2 980', '4 150i,d']","['-760', '-802', '-882i,d']","['-182', '-895', '-524b']",Burkina Faso
"['2 032', '2 811', '3 002b']","['5.1', '-0.4', '1.8b']","['234.2', '276.6', '260.4b']","['40.7', '37.5', '38.9b']","['16.3', '16.4', '17.8b']","['43', '46.2', '43.4b']",,,"['6.1', '6.4', '6.5d']",,,,"['99', '96', '150b']","['118', '114', '164e,d']","['404', '561', '878e,d']","['-286', '-447', '-713e,d']","['-301', '-373', '-363c']",Burundi
"['1 664', '1 596', '1 982b']","['1.5', '1', '5.7b']","['3 378.3', '3 041.8', '3 603.8b']",,,,,,,,,,"['113', '101', '80b']","['220', '67', '53i,d']","['731', '603', '727i,d']","['-511', '-537', '-674i,d']","['-223', '-51', '-274d']",Cabo Verde
"['11 242', '18 050', '27 098b']","['6', '7', '6.8b']","['785.5', '1 162.9', '1 643.6b']","['36', '28.2', '22b']","['23.3', '29.4', '36.4b']","['40.7', '42.3', '41.6b']",,,,,,,"['79', '99', '121b']","['5 590', '8 542', '17 543e,d']","['4 903', '10 669', '18 696e,d']","['688', '- 2 126', '- 1 153e,d']","['-981', '- 1 598', '- 3 076d']",Cambodia
"['26 144', '30 905', '38 861b']","['3.4', '5.7', '3.9b']","['1 285.3', '1 326.5', '1 501.8b']",,,,,,,,,,"['82', '101', '107b']","['3 878', '4 053', '4 437i,d']","['5 133', '6 037', '7 452i,d']","['- 1 255', '- 1 984', '- 3 014i,d']","['-857', '- 1 174', '- 1 695b']",Cameroon
"['1 617 267', '1 556 129', '1 741 497b']","['3.1', '0.7', '1.9b']","['47 361.1', '43 193.8', '46 550.3b']",,,,,,,,,,"['86', '99', '111b']",,,,"['- 58 163', '- 54 696', '- 29 722d']",Canada
"['4 277', '4 785', '6 020b']","['-2.7', '2.8', '3.2b']","['75 460.8', '77 517.7', '92 692.4b']",,,,,,,,,,,,"['828n', '915', '1 337n,d']",,"['...', '...', '-582b']",Cayman Islands
"['2 141', '1 695', '2 220b']","['4.6', '4.3', '3b']","['487.9', '377.1', '467.9b']","['39.8', '32.5', '33.4b']","['26.1', '22.8', '21.9b']","['34.1', '44.6', '44.8b']",,,"['15.1', '16.2', '17.5d']",,,,"['94', '99', '106b']","['90', '97', '73e,d']","['210', '457', '75e,d']","['-120', '-360', '-2e,d']",,Central African Republic
"['10 971', '11 690', '11 272b']","['15', '4.6', '3b']","['917.9', '828.5', '706.8b']","['35.9', '29.5', '28.5b']","['36.7', '31.7', '18.7b']","['27.4', '38.8', '52.8b']",,,"['19.1', '20.7', '21.6d']",,,"['100e,f', '117e,f', '123g,d']","['86', '97', '118b']",,,,,Chad
,,,,,,"['4.7', '4', '3.5g']","['26.7', '24.9', '22.9g']",,"['8.4', '8.1', '7.5g']","['50.8 /       67.8', '51.0 /       67.1', '50.6 /       65.6g']",,,,,,,Channel Islands
"['218 538', '243 919', '282 318b']","['5.8', '2.3', '1.1b']","['12 808.1', '13 574.2', '14 896.5b']",,,,,,,,,"['100', '118', '136d']","['93', '101', '103b']","['71 106', '62 033', '59 804i,d']","['59 007', '62 387', '59 367i,d']","['12 099', '-354', '438i,d']","['3 069', '- 5 735', '3 370d']",Chile
,,,,,,,,,,,"['100', '115', '112j,e']",,,,,,China
"['228 639', '309 386', '365 711b']","['6.8', '2.4', '-1.2b']","['32 820.5', '43 054.0', '49 180.1b']",,,,,,,,,"['100', '123', '135d']","['101', '96', '138b']","['400 692', '510 553', '551 516d']","['441 369', '559 306', '573 061d']","['- 40 677', '- 48 753', '- 21 546d']","['16 012', '10 264', '22 666d']","China, Hong Kong SAR"
"['28 124', '45 362', '53 859c']","['25.3', '-21.6', '-4.7c']","['52 253.0', '75 341.4', '84 096.7c']",,"['7.4', '10.5', '7.3c']","['92.6', '89.5', '92.7c']",,,,,,"['100', '131f', '145f,d']","['106', '86', '82c']","['870', '1 339', '1 025d']","['5 629', '10 603', '11 950d']","['- 4 760', '- 9 264', '- 10 926d']","['10 992', '10 513', '18 556c']","China, Macao SAR"
"['286 563', '293 482', '323 803b']","['4.5', '3', '3.3b']","['6 336.7', '6 175.9', '6 432.4b']",,,,,,,,,,"['81', '101', '133b']","['39 820', '35 691', '31 057i,d']","['40 683', '54 036', '43 483i,d']","['-863', '- 18 345', '- 12 426i,d']","['- 8 822', '- 19 302', '- 9 326d']",Colombia
"['907', '966', '1 166b']","['4.8', '2', '3.2b']","['1 315.2', '1 242.1', '1 370.1b']","['31.6', '31.7', '34.5b']","['12.2', '10.8', '9.2b']","['56.1', '57.5', '56.2b']",,,"['32.6', '34.8', '37d']",,,"['100', '104f', '...']","['100', '99', '100b']","['14', '15', '46e,d']","['181', '173', '178e,d']","['-167', '-158', '-133e,d']","['-39', '-2', '-37b']",Comoros
"['13 678', '11 751', '12 397b']","['9.9', '-3.2', '-0.9b']","['3 200.5', '2 419.8', '2 304.1b']","['4.2', '6.3', '7.5b']","['68', '50', '45.1b']","['27.8', '43.7', '47.5b']",,,"['39.2', '42', '44.5d']",,,,"['89', '101', '107b']","['6 918', '8 623', '3 046e,d']","['4 369', '10 550', '321e,d']","['2 548', '- 1 927', '2 725e,d']","['900', '- 4 629', '- 3 594g']",Congo
"['241', '302', '379c']","['-4.9', '5.7', '4.8c']","['13 092.7', '17 182.6', '21 603.5c']",,,,,,,,,,"['108', '103', '79c']","['5', '14q', '19q,f']","['91', '109q', '105q,f']","['-85', '-95q', '-85q,f']",,Cook Islands
"['37 269', '54 776', '61 774b']","['5', '3.6', '2.1b']","['8 141.9', '11 299.1', '12 238.4b']",,,,,,,,,,"['88', '98', '107b']","['9 045', '9 578', '12 011i,d']","['13 920', '15 504', '13 965i,d']","['- 4 875', '- 5 926', '- 1 954i,d']","['- 1 214', '- 1 921', '- 1 289b']",Costa Rica
"['59 808', '49 531', '60 415b']","['-1.5', '2.4', '2.9b']","['13 818.3', '11 701.4', '14 627.3b']",,,,,,,,,"['100', '107', '110d']","['92', '97', '80b']","['11 811', '12 844', '16 965d']","['20 067', '20 580', '25 987d']","['- 8 256', '- 7 737', '- 9 021d']","['- 1 485', '1 595', '-532d']",Croatia
"['64 328', '87 206', '105 355b']","['2.4', '4.4', '2b']","['5 730.4', '7 700.4', '9 295.9b']","['3.7', '3.9', '3.9b']","['23.1', '22.6', '24.3b']","['73.2', '73.5', '71.8b']",,,,,,,"['86', '100', '88b']",,,,,Cuba
"['2 951', '3 152', '3 102b']","['0.1', '0.3', '-3.4b']","['19 782.2', '19 718.3', '18 980.0b']",,"['16.2', '20.2', '19.6b']","['83.3', '79.3', '80b']",,,,,,,,,,,"['...', '-519', '-539b']",Curaçao
,,,,,,,,,,,,"['107', '103', '106c']","['1 506', '3 367', '2 741e']","['8 645', '7 133', '7 504e']","['- 7 138', '- 3 766', '- 4 763e']","['- 2 799', '-84', '- 2 850e']",Cyprus
"['209 070', '188 033', '250 681b']","['2.4', '5.4', '2.3b']","['19 842.4', '17 736.6', '23 451.7b']",,,,,,,"['7.3', '5', '1.9c']","['49.2 /       68.0', '51.4 /       68.2', '52.8 /       68.2c']","['100', '108', '120c']","['88', '97', '93b']","['132 141', '157 194', '192 305c']","['125 691', '140 716', '170 678c']","['6 450', '16 478', '21 627c']","['- 7 351', '845', '8 845c']",Czechia
"['26 264', '45 780', '58 540b']","['7.7', '14.9', '6.2b']","['1 279.1', '1 971.1', '2 276.3b']","['25.2', '19.8', '22.1b']","['22.6', '21.1', '22.7b']","['52.2', '59.1', '55.2b']",,,,,,,"['75', '104', '114b']","['10 284', '12 560', '12 181g,f']","['7 849', '10 406', '10 482g,f']","['2 434', '2 154', '1 699g,f']","['465', '-201', '- 1 349b']",Côte d’Ivoire
"['13 945', '16 283', '16 331b']","['-0.5', '-1.1', '0.4b']","['571', '649.9', '639.6b']","['20.8', '21.6', '21.2b']","['48.2', '46.2', '44.7b']","['31', '32.2', '34.1b']",,,"['31.1', '33.5', '35.7d']",,,,"['99', '99', '102b']",,,,,Democratic People's Republic of Korea
"['21 566', '37 918', '47 320b']","['7.1', '6.9', '4.4b']","['334', '497.3', '545.2b']","['22.4', '19.7', '20.8b']","['40.5', '44.8', '42.4b']",,,,"['21.4', '23.5', '25.1c']",,,"['100', '130', '134f']","['57', '100', '110b']","['5 300e', '5 800e', '14 122c']","['4 500e', '6 200e', '6 663c']","['800e', '-400e', '7 459c']","['- 2 174', '- 1 484', '- 1 095c']",Democratic Republic of the Congo
"['321 995', '302 673', '350 104d']","['1.9', '2.3', '2.8d']","['57 966.6', '53 206.1', '60 656.9d']",,,,,,,,,,"['97', '101', '101d']","['96 217', '94 619', '107 224f']","['82 724', '85 327', '96 791f']","['13 492', '9 291', '10 433f']","['21 051', '24 953', '26 023f']",Denmark
"['1 244', '2 445', '3 166b']","['11.7', '7.7', '7.7b']","['1 480.2', '2 675.6', '3 252.3b']","['2.8', '1.3', '1.4b']","['16.1', '12.1', '11.8b']","['81.1', '86.6', '86.9b']",,,"['47.8', '51.2', '54.3d']",,,"['100', '112', '122d']","['117', '83', '126b']",,,,"['50', '714', '448b']",Djibouti
"['494', '541', '582b']","['0.7', '-2.7', '3.6b']","['6 967.3', '7 596.4', '8 110.5b']","['13.7', '16.5', '16b']","['14', '14.7', '18.8b']","['72.2', '68.8', '65.2b']",,,,,,"['100', '102', '105b']","['99', '99', '99b']","['34', '30f', '14f,e']","['225', '214f', '197f,e']","['-190', '-184f', '-183f,e']","['-80', '-41', '-225d']",Dominica
"['53 160', '71 155', '88 941b']","['8.3', '6.9', '5.1b']","['5 483.1', '6 920.6', '8 282.1b']",,,,,,,,,,"['79', '100', '118b']",,,,"['- 4 024', '- 1 280', '- 1 541d']",Dominican Republic
"['69 555', '99 290', '107 436b']","['3.5', '0.1', '0.1b']","['4 633.6', '6 124.5', '6 183.8b']",,,,,,,"['4.1', '3.6', '4.2c']","['49.9 /       80.5', '52.1 /       81.0', '55.3 /       81.0c']","['100', '121', '124c']","['102', '104', '98b']","['17 490', '18 331', '20 224h,c']","['20 591', '21 387', '16 140h,c']","['- 3 101', '- 3 057', '4 084h,c']","['- 1 582', '- 2 221', '2 474c']",Ecuador
"['214 630', '317 745', '317 359b']","['5.1', '4.4', '5.6b']","['2 593.4', '3 437.2', '3 161.3b']",,,,,,,,,,"['90', '101', '102b']",,,,"['- 4 504', '- 17 243', '- 14 236d']",Egypt
"['18 448', '23 438', '27 023c']","['1.4', '2.4', '2.4c']","['2 983.2', '3 705.6', '4 187.2c']",,,,,,,,,,"['102', '97', '100c']","['4 499', '5 509', '5 030j']","['8 416', '10 293', '10 594j']","['- 3 917', '- 4 784', '- 5 564j']","['-533', '-754', '121j']",El Salvador
"['16 299', '13 176', '11 025b']","['-8.9', '-9.1', '-5.6b']","['17 272.0', '11 274.9', '8 130.4b']","['1.1', '1.9', '2.5b']","['74.3', '59', '50.6b']","['24.6', '39.1', '46.9b']",,,,,,"['100g', '119', '130e']","['91', '101', '109b']",,,,,Equatorial Guinea
"['1 590', '2 013', '1 982b']","['10.9', '-20.6', '3.8b']","['501.4', '602.2', '566.7b']","['19.1', '17.2', '17.3b']","['30.9', '31.2', '31.3b']","['50', '51.6', '51.4b']",,,,,,,"['96', '99', '102b']",,,,,Eritrea
"['19 694', '23 049', '31 471b']","['2.7', '1.8', '5b']","['14 783.9', '17 523.3', '23 740.2b']",,,,,,,"['16.7', '6.2', '5.4c']","['55.0 /       67.1', '56.0 /       69.5', '56.8 /       70.7c']","['100', '111', '122c']","['79', '111', '107b']",,,,"['340', '403', '-244c']",Estonia
"['4 439', '4 073', '4 594b']","['3.8', '2.3', '1.1b']","['4 168.5', '3 689.5', '4 001.6b']",,,,,,,,,"['100', '135', '167b']","['96', '101', '101b']","['1 557j', '1 820', '2 248j,e']","['1 710j', '1 508', '2 076j,e']","['-153j', '312', '172j,e']","['-388', '533', '255e']",Eswatini
"['26 311', '63 079', '92 750b']","['12.6', '10.4', '8.3b']","['300.2', '625.6', '827.5b']","['45.3', '38.8', '35.5b']","['10.4', '17.5', '25.9b']","['44.3', '43.7', '38.6b']",,,,,,,"['82', '101', '108b']","['2 330', '2 024', '2 265d,c']","['8 602', '17 686', '4 509d,c']","['- 6 272', '- 15 662', '- 2 244d,c']","['-635', '- 7 567', '- 2 719c']",Ethiopia
,,,,,,,,,,,,,,,,,Falkland Islands (Malvinas)
,,,,,,,,,,,,"['95', '100', '96b']",,,,"['144', '194m', '...']",Faroe Islands
"['3 141', '4 682', '5 504b']","['3', '4.7', '0.5b']","['3 652.5', '5 390.6', '6 185.1b']",,,,,,,,,,"['89', '109', '114b']","['841', '895', '771i,d']","['1 808', '2 081', '1 901i,d']","['-967', '- 1 186', '- 1 130i,d']","['-149', '-164', '-602d']",Fiji
"['249 181', '234 440', '269 296d']","['3.2', '0.5', '1.1d']","['46 438.9', '42 772.3', '48 678.4d']",,,,,,,,,"['100k', '109k', '113e']","['94', '100', '102d']","['70 117', '59 682', '65 600e']","['68 767', '60 174', '67 878e']","['1 349', '-492', '- 2 279e']","['2 792', '- 2 209', '2 342e']",Finland
,,,,,,,,,,,,"['98', '102', '98b']","['511 651', '493 941', '488 562c']","['599 172', '563 398', '582 775c']","['- 87 520', '- 69 457', '- 94 213c']","['- 22 031', '- 9 130', '- 48 911c']",France
,,,,,,,,,,,,,,,,,French Guiana
"['6 081', '5 324', '6 023c']","['-2.5', '1.8', '2.4c']","['22 820.8', '19 491.9', '21 566.9c']","['2.5', '3.6', '3.6c']","['12.3', '12', '11.9c']","['85.2', '84.4', '84.5c']","['8.7', '7.7', '6.8g']","['16.4', '15.1', '14.6g']",,"['14.3', '13.8', '11.9g']","['48.6 /       64.2', '48.6 /       62.4', '47.4 /       60.1g']","['...', '122i,j', '...']","['98', '102', '97c']","['153', '130', '71h,g']","['1 726', '1 527', '1 701h,g']","['- 1 573', '- 1 397', '- 1 630h,g']","['-18', '291', '412k']",French Polynesia
"['14 359', '14 372', '16 888b']","['7.1', '3.9', '3.6b']","['8 840.8', '7 379.2', '7 773.2b']","['4.2', '4.7', '5.5b']","['59.6', '51.9', '49.1b']","['36.2', '43.4', '45.4b']",,,"['52.6', '54.5', '56.9d']",,,,"['87', '100', '107b']",,,,"['2 453', '141', '...']",Gabon
"['1 543', '1 378', '1 823b']","['5.9', '4.1', '6.1b']","['860.6', '660.7', '776.4b']",,,,,,,,,,"['139', '107', '92b']","['68', '83', '26d']","['284', '391', '553d']","['-215', '-308', '-527d']","['17', '-99', '-79k']",Gambia
"['12 243', '14 954', '17 743c']","['6.2', '3', '5.1c']","['2 986.8', '3 716.0', '4 439.3c']",,,,,,,,,,"['88', '102', '105c']","['1 677', '2 205', '3 342d']","['5 236', '7 281', '8 031d']","['- 3 558', '- 5 077', '- 4 689d']","['- 1 199', '- 1 767', '- 1 965d']",Georgia
"['3 396 354', '3 356 236', '3 861 124b']","['4.2', '1.5', '0.6b']","['42 020.0', '41 036.1', '46 231.6b']",,,,,,,"['7', '4.6', '3c']","['52.8 /       66.5', '54.3 /       66.1', '55.3 /       66.5c']","['100', '107', '106i,c']","['95', '99', '94b']","['1 267 743', '1 328 500', '1 382 851c']","['1 060 672', '1 057 536', '1 171 421c']","['207 071', '270 964', '211 430c']","['196 172', '288 621', '266 326c']",Germany
"['42 587', '49 182', '66 999b']","['7.9', '2.2', '6.5b']","['1 718.6', '1 766.0', '2 202.6b']",,,,,,,"['5.3', '6.8', '4.5c']","['66.9 /       73.3', '63.5 /       72.5', '63.5 /       71.8c']","['100', '176', '273c']","['84', '100', '118b']",,,,"['- 2 747', '- 2 824', '- 1 864b']",Ghana
,,,,,,,,,,,"['...', '142e,f', '...']",,,,,,Gibraltar
"['296 835', '195 318', '205 327b']","['-5.5', '-0.4', '1.9b']","['27 263.5', '18 322.9', '19 604.5b']",,,,,,,,,,"['102', '104', '74b']","['27 586', '28 289', '35 070d']","['66 453', '47 264', '55 534d']","['- 38 867', '- 18 975', '- 20 463d']","['- 30 263', '- 1 611', '- 12 618d']",Greece
"['2 503', '2 499', '3 024b']","['1.7', '-2.5', '2.8b']","['44 195.9', '44 328.6', '53 352.6b']",,,,,,,,,,,"['389', '406', '748q,d']","['847', '667', '791q,d']","['-458', '-261', '-43q,d']",,Greenland
"['771', '997', '1 212b']","['-0.5', '6.4', '2b']","['7 257.8', '9 096.9', '10 817.7b']","['5.2', '8.6', '5.8b']","['16.8', '14.2', '15.9b']","['78.1', '77.2', '78.3b']",,,,,,"['100', '104', '108b']","['45', '99', '85b']","['25g', '33g', '25f']","['306g', '372g', '395f']","['-281g', '-339g', '-370f']","['-204', '-122', '-116e']",Grenada
,,,,,,,,,,,,,,,,,Guadeloupe
,,,,,,,,,,,,,,,,,Guam
"['40 682', '62 186', '76 710b']","['2.9', '4.1', '3.8b']","['2 780.7', '3 826.3', '4 363.1b']",,,,,,,"['3.5', '2.5', '2.5c']","['40.5 /       84.2', '39.1 /       85.5', '39.9 /       86.4c']","['100i', '122', '148c']","['78', '101', '106b']","['8 460', '10 677', '11 658c']","['13 830', '17 637', '18 198c']","['- 5 370', '- 6 960', '- 6 539c']","['-767', '-774', '4 249c']",Guatemala
"['6 853', '8 794', '12 354b']","['4.8', '3.8', '5.6b']","['672.4', '769.3', '967.4b']","['18.6', '20.1', '22.6b']","['34.3', '28.6', '31.4b']","['47.1', '51.3', '46b']",,,,,,,"['82', '100', '125b']","['1 471c', '1 574', '3 167c,d']","['1 402c', '2 139', '3 389c,d']","['69c', '-565', '-222c,d']","['-327', '- 1 020', '-315b']",Guinea
"['849', '1 047', '1 322b']","['4.6', '6.1', '4.5b']","['557.6', '602.9', '688.4b']","['46.2', '49', '51b']","['13.5', '12.8', '12.8b']","['40.3', '38.2', '36.2b']",,,"['21.8', '23.4', '25.2d']",,,,"['92', '102', '107b']",,,,"['-71', '21', '-127b']",Guinea-Bissau
"['3 433', '4 280', '5 174b']","['4.1', '0.7', '5.4b']","['4 580.7', '5 576.8', '6 609.6b']",,,,,,,,,,"['81', '110', '132b']","['901', '1 169', '2 814d']","['1 452', '1 484', '2 494d']","['-551', '-315', '320d']","['-246', '-39', '- 1 696b']",Guyana
"['6 708', '8 355', '8 051b']","['-5.5', '1.2', '-0.9b']","['674.2', '781.2', '714.8b']","['25.7', '17.3', '19.9b']","['27.4', '34.7', '35.2b']","['46.9', '48.1', '44.9b']",,,,,,"['100', '139', '151e,c']","['90', '99', '92b']",,,,"['-102', '-271', '72b']",Haiti
,,,,,,,,,,,,,,,,,Holy See
"['15 839', '20 980', '25 095b']","['3.7', '3.8', '2.7b']","['1 904.3', '2 302.2', '2 574.9b']","['11.9', '12.6', '11.2b']","['26.2', '26.5', '28.6b']","['62', '60.8', '60.2b']",,,,,,,"['94', '100', '116b']","['3 104', '4 201', '3 110d,c']","['6 895', '8 381', '7 921d,c']","['- 3 791', '- 4 179', '- 4 811d,c']","['-804', '-980', '694c']",Honduras
"['131 917', '125 074', '163 469b']","['1.1', '3.8', '4.6b']","['13 288.2', '12 791.5', '16 879.1b']",,,,,,,"['11.2', '6.8', '3.5c']","['43.8 /       58.2', '47.3 /       63.4', '48.5 /       65.3c']","['100', '111', '126c']","['79', '96', '97b']","['94 749', '100 297', '119 391c']","['87 432', '90 761', '112 624c']","['7 317', '9 536', '6 767c']","['342', '2 926', '167c']",Hungary
"['13 684', '17 389', '24 188b']","['-3.4', '4.7', '1.9b']","['42 717.7', '52 655.5', '71 344.6b']",,,,,,,,,"['100', '118', '133d']","['89', '100', '107b']","['4 603', '4 722', '4 560d']","['3 914', '5 285', '5 671d']","['689', '-563', '- 1 111d']","['-845', '986', '244d']",Iceland
"['1 669 620', '2 146 759', '2 891 582b']","['8.5', '8', '4.2b']","['1 352.7', '1 638.6', '2 116.2b']",,,,,,,,,,"['86', '98', '114b']","['220 408', '264 381', '275 489d']","['350 029', '390 745', '367 980d']","['- 129 621', '- 126 364', '- 92 492d']","['- 54 516', '- 22 457', '33 007d']",India
"['755 094', '860 854', '1 119 191b']","['6.2', '4.9', '5b']","['3 122.4', '3 331.7', '4 135.6b']",,,,,,,,,"['100', '132', '154d']","['90', '100', '117b']",,,,"['5 144', '- 17 519', '- 4 341d']",Indonesia
"['491 099', '393 436', '603 780c']","['5.8', '-1.3', '-6.5c']","['6 657.8', '5 012.4', '7 282.0c']","['6.4', '10.6', '9.8c']","['43.4', '33.2', '34.6c']","['50.2', '56.3', '55.6c']",,,,,,,"['90', '99', '96c']",,,,,Iran (Islamic Republic of)
"['138 517', '166 774', '225 232b']","['6.4', '4.7', '4.4b']","['4 657.3', '4 688.3', '5 729.7b']","['5.1', '4.2', '3.3b']","['55.4', '45', '51.9b']","['39.4', '50.9', '44.8b']",,,,,,"['100', '119', '120b']","['120', '81', '120b']","['52 483', '49 403', '2 582d,c']","['43 915', '32 667', '27 611d,c']","['8 568', '16 736', '- 25 029d,c']","['6 488', '- 2 762', '- 6 197c']",Iraq
"['222 071', '291 522', '398 590b']","['1.8', '25.2', '5.6b']","['48 760.5', '62 660.2', '81 636.6b']",,,,,,,"['14.5', '9.9', '5.2c']","['55.6 /       70.5', '55.1 /       69.5', '55.8 /       67.9c']",,"['88', '101', '113b']","['120 645', '124 731', '184 131c']","['64 601', '77 795', '98 389c']","['56 045', '46 935', '85 742c']","['2 320', '12 912', '- 44 934b']",Ireland
,,,,,,,,,,,"['...', '161l,m', '...']",,,,,,Isle of Man
"['233 996', '299 813', '395 099b']","['5.6', '2.3', '3.5b']","['31 851.5', '37 577.7', '46 376.5b']",,,,,,,,,"['100', '107', '107e']","['91', '99', '95b']","['58 413', '64 062', '49 761e']","['59 194', '62 068', '70 162e']","['-781', '1 994', '- 20 401e']","['8 154', '16 205', '24 350e']",Israel
"['2 134 018', '1 835 899', '2 003 576b']","['1.7', '0.8', '0.3b']","['35 971.5', '30 306.1', '33 089.6b']",,,,,,,,,"['100', '107', '110j,d']","['109', '103', '98b']","['446 840', '456 989', '495 977d']","['486 984', '410 933', '422 648d']","['- 40 145', '46 055', '73 329d']","['- 70 819', '25 379', '69 735d']",Italy
"['13 221', '14 198', '15 831b']","['-1.5', '0.9', '0.9b']","['4 704.1', '4 911.0', '5 369.5b']","['5.9', '7.2', '8.2b']","['20', '22', '22.4b']","['74.1', '70.7', '69.5b']",,,,,,,"['91', '98', '105b']","['1 328', '1 263', '1 190d,c']","['5 225', '4 993', '4 651d,c']","['- 3 898', '- 3 730', '- 3 461d,c']","['-934', '-430', '-35c']",Jamaica
"['5 700 098', '4 389 476', '5 082 466c']","['4.2', '1.2', '0.7c']","['44 344.1', '34 296.8', '40 063.5c']",,,,,,,,,,"['96', '100', '100c']","['769 774', '624 874', '641 283e']","['694 059', '625 568', '635 402e']","['75 715', '-695', '5 880e']","['220 888', '136 472', '164 497e']",Japan
"['27 134', '38 587', '44 503b']","['2.3', '2.5', '2b']","['3 736.6', '4 164.1', '4 405.5b']",,,,"['3.5', '3.3', '3c']","['26.4', '25.4', '24.4c']",,"['12.5', '13.1', '14.6c']","['15.3 /       67.2', '14.0 /       63.9', '14.4 /       63.5c']","['100', '116', '101i,c']","['88', '102', '95b']","['7 023', '7 833', '7 646h,c']","['15 262', '20 475', '16 889h,c']","['- 8 239', '- 12 642', '- 9 242h,c']","['- 1 882', '- 3 470', '- 1 003b']",Jordan
"['148 047', '184 388', '181 667b']","['7.3', '1.2', '4.5b']","['9 109.3', '10 493.3', '9 792.6b']",,,,,,,"['5.8', '4.9', '4.6c']","['65.4 /       75.9', '65.4 /       77.0', '62.2 /       75.1c']","['100', '137', '201c']","['77', '99', '111b']","['57 244', '45 954', '44 929h,c']","['24 024', '30 567', '37 855h,c']","['33 220', '15 387', '7 074h,c']","['1 386', '- 6 012', '- 6 273c']",Kazakhstan
"['40 000', '64 008', '95 502b']","['8.4', '5.7', '5.4b']","['951.7', '1 336.9', '1 816.5b']",,,,"['60.3', '57.3', '53.8c']","['6.3', '6.7', '7.4c']",,"['2.8', '2.8', '2.6c']","['66.4 /       75.0', '71.0 /       77.9', '72.3 /       77.5c']","['100', '150', '200c']","['96', '101', '111b']","['5 169', '5 907', '6 023c']","['12 093', '16 058', '15 405c']","['- 6 924', '- 10 151', '- 9 382c']","['- 2 369', '- 4 421', '- 5 559b']",Kenya
"['156', '169', '195c']","['-0.9', '10.3', '2.3c']","['1 516.9', '1 524.8', '1 656.9c']",,,,,,,,,,"['97', '100', '93c']","['4', '10', '4i,e']","['73', '111', '123i,e']","['-69', '-101', '-119i,e']","['~0', '56', '87c']",Kiribati
"['115 416', '114 585', '134 624b']","['-2.4', '0.6', '0.4b']","['38 576.4', '29 874.0', '31 999.3b']","['0.4', '0.5', '0.4b']","['58.2', '48.7', '51.3b']","['41.4', '50.9', '48.3b']",,,"['73', '73', '73.7d']",,,,"['64', '94', '132b']","['62 698', '54 121', '72 958e,d']","['22 691', '30 957', '37 506e,d']","['40 007', '23 164', '35 452e,d']","['36 989', '8 584', '33 811b']",Kuwait
"['4 794', '6 678', '8 455b']","['-0.5', '3.9', '4.5b']","['884.2', '1 120.7', '1 317.8b']",,,,,,,"['8.6', '7.6', '6.6c']","['52.2 /       76.6', '49.9 /       75.5', '44.5 /       75.6c']","['100', '146', '166c']","['89', '102', '110b']","['1 488', '1 441', '1 864c']","['3 223', '4 068', '3 387c']","['- 1 734', '- 2 627', '- 1 523c']","['-475', '- 1 052', '- 1 067b']",Kyrgyzstan
"['7 313', '14 390', '18 823b']","['8.1', '7.3', '4.7b']","['1 170.3', '2 134.7', '2 625.4b']",,,,,,,"['0.7', '0.7', '0.6c']","['76.8 /       79.4', '76.8 /       80.2', '76.8 /       80.2c']",,"['62', '104', '102b']","['1 909', '2 985', '5 669h,c']","['1 837', '3 778', '6 309h,c']","['72', '-793', '-639h,c']","['29', '- 2 268', '-947b']",Lao People's Democratic Republic
"['23 878', '27 240', '34 103b']","['-4.4', '4', '2.1b']","['11 269.1', '13 635.7', '17 885.4b']",,,,,,,"['19.5', '9.9', '6.5c']","['53.8 /       65.3', '54.0 /       67.5', '55.3 /       67.9c']","['100', '108', '117c']","['73', '107', '104b']","['8 851', '11 650', '15 154c']","['11 143', '14 096', '17 334c']","['- 2 292', '- 2 446', '- 2 181c']","['413', '-167', '1 004c']",Latvia
"['38 444', '49 939', '53 367b']","['8', '0.2', '-5.6b']","['7 761.6', '7 644.5', '7 784.3b']",,,,,,,,,,"['89', '99', '101b']","['4 254', '2 953', '3 468j,e']","['17 970', '18 600', '15 472j,e']","['- 13 716', '- 15 646', '- 12 004j,e']","['- 7 552', '- 8 542', '- 11 540b']",Lebanon
"['2 269', '2 372', '2 460b']","['6.7', '2.7', '1.5b']","['1 137.1', '1 152.1', '1 157.5b']",,,,,,,,,"['100', '127', '164d']","['104', '100', '96b']","['503', '604', '2 250i,d']","['1 277', '1 410', '1 500i,d']","['-773', '-806', '750i,d']","['-158', '-78', '-52d']",Lesotho
"['1 292', '2 669', '2 582b']","['7.3', '9.3', '-2.3b']","['332', '596.8', '523b']","['64.5', '69.5', '74b']","['12.5', '10.5', '8.7b']","['17.9', '20', '17.3b']",,,,,,"['100', '148', '223e']","['93', '96', '92b']",,,,"['-853', '171', '-653b']",Liberia
"['80 942', '17 666', '32 600b']","['4.3', '-45.5', '9.9b']","['13 060.2', '2 752.4', '4 810.1b']","['2.5', '0.9', '0.9b']","['74', '67.1', '67.1b']","['23.5', '32', '32b']",,,,,,"['100', '126e', '...']","['105', '100', '102b']","['36 440', '10 200c', '66 843c,d']","['17 674', '13 000c', '28 468c,d']","['18 766', '- 2 800c', '38 375c,d']","['16 801', '- 9 346', '11 276f']",Libya
"['5 621', '6 269', '6 798b']","['7.4', '~0.0', '0.6b']","['156 166.5', '167 294.2', '178 799.4b']",,,,,,,,,,,,,,,Liechtenstein
"['37 138', '41 419', '54 627b']","['1.7', '2', '4.3b']","['11 888.8', '14 127.1', '19 795.2b']",,,,,,,"['17.8', '9.1', '6.3c']","['52.6 /       62.3', '54.6 /       65.0', '56.2 /       67.6c']",,"['73', '106', '94b']","['20 814', '25 411', '32 753c']","['23 378', '28 176', '33 125c']","['- 2 564', '- 2 765', '-372c']","['73', '- 1 014', '4 700c']",Lithuania
"['53 212', '57 744', '71 105b']","['4.9', '4.3', '2.3b']","['104 771.9', '101 888.6', '115 480.9b']",,,,,,,,,,"['91', '102', '111b']","['13 911', '12 626', '13 442d']","['20 400', '19 296', '20 610d']","['- 6 489', '- 6 671', '- 7 167d']","['3 268', '2 949', '2 999d']",Luxembourg
"['9 983', '11 323', '14 105b']","['0.6', '3.1', '4.4b']","['472', '467.2', '523b']","['30.3', '27', '24.1b']","['18.8', '19.9', '23.6b']","['50.9', '53.2', '52.3b']",,,,,,"['100', '140', '130e,f,g,c']","['103', '99', '104b']","['1 082', '2 164', '2 005d,c']","['2 546', '2 961', '2 968d,c']","['- 1 464', '-796', '-963d,c']","['-893', '-256', '-331b']",Madagascar
"['6 960', '6 431', '8 099b']","['6.9', '3.3', '5.2b']","['478.7', '384.1', '434.8b']",,,,"['48.1', '45.6', '43.2c']","['14.2', '14', '13.8c']",,"['5.9', '5.8', '5.7c']","['73.3 /       82.1', '72.6 /       82.2', '72.6 /       81.3c']",,"['79', '99', '129b']","['1 066', '1 080', '632h,c']","['2 173', '2 312', '2 406h,c']","['- 1 107', '- 1 232', '- 1 775h,c']","['-969', '- 1 064', '- 1 837b']",Malawi
"['255 018', '301 355', '364 684c']","['7.4', '5.1', '4.3c']","['9 040.6', '9 955.2', '11 414.3c']",,,,,,,"['3.2', '3.1', '3.4f']","['43.5 /       76.2', '50.5 /       77.6', '50.9 /       77.2f']","['100', '113', '120f']","['89', '104', '105c']","['198 791', '200 211', '234 042h,f']","['164 586', '176 175', '189 804h,f']","['34 204', '24 036', '44 238h,f']","['25 644', '9 068', '14 848f']",Malaysia
"['2 588', '4 109', '5 642b']","['7.3', '2.9', '7b']","['7 076.7', '9 033.4', '10 626.5b']",,,,,,,,,"['100i', '132i', '135j,d']","['114', '100', '105b']","['74', '144', '149i,d']","['1 095', '1 897', '1 809i,d']","['- 1 021', '- 1 753', '- 1 661i,d']","['-196', '-302', '- 1 119d']",Maldives
"['10 679', '13 095', '17 433b']","['10.9', '7.5', '6.6b']","['709.6', '750.9', '886.8b']","['34.9', '39.8', '39.8b']","['25.3', '19.3', '23.2b']","['39.7', '40.9', '37b']",,,,,,,"['80', '97', '121b']","['1 996', '2 530e', '578e,d']","['4 704', '3 169e', '10 593e,d']","['- 2 707', '-639e', '- 10 015e,d']","['- 1 190', '-697', '-836g']",Mali
"['8 741', '10 710', '14 864b']","['3.5', '10.9', '4.7b']","['21 099.5', '24 702.1', '33 752.4b']",,,,,,,,,"['100', '108', '114e']","['108', '99', '71b']","['3 717', '3 915', '3 514j,e']","['5 732', '6 788', '5 783j,e']","['- 2 015', '- 2 873', '- 2 269j,e']","['-420', '301', '-576e']",Malta
"['168', '181', '237b']","['7.1', '-0.6', '5.3b']","['2 986.1', '3 159.2', '4 038.2b']","['15.4', '14.4', '16.1b']","['12.4', '10.3', '13.6b']","['72.2', '75.2', '70.3b']",,,,,,,"['113', '90', '75b']",,,,"['-14', '-7', '53c']",Marshall Islands
,,,,,,,,,,,,,,,,,Martinique
"['5 629', '6 167', '7 594b']","['2.6', '5.4', '5.9b']","['1 610.9', '1 524.1', '1 677.9b']",,,,"['56.9', '53.8', '50.6c']","['11.9', '12.5', '13.1c']",,"['9.8', '9.8', '9.6c']","['28.0 /       64.5', '28.4 /       63.1', '28.9 /       63.0c']","['...', '...', '113i,c']","['86', '100', '109b']","['1 819', '1 832', '2 700h,c']","['1 708', '3 703', '3 937h,c']","['111', '- 1 872', '- 1 237h,c']","['...', '-956', '-831b']",Mauritania
"['10 004', '11 692', '14 180d']","['4.4', '3.6', '3.6d']","['8 016.1', '9 283.6', '11 168.6d']",,,,,,,,,,"['106', '100', '94d']","['1 850', '2 481', '1 544f']","['4 402', '4 458', '4 224f']","['- 2 553', '- 1 977', '- 2 680f']","['- 1 006', '-417', '-756d']",Mauritius
,,,,,,,,,,,,,"['6d', '...', '...']","['309d', '...', '...']","['-303d', '...', '...']",,Mayotte
"['1 057 801', '1 170 567', '1 256 441b']","['5.1', '3.3', '-0.3b']","['9 271.4', '9 606.0', '9 848.6b']",,,,,,,,,,"['89', '98', '113b']",,,,"['- 4 830', '- 31 058', '26 571d']",Mexico
"['297', '316', '414b']","['2.3', '4.6', '1.2b']","['2 885.0', '2 906.5', '3 640.4b']","['26.7', '27.8', '27.4b']","['7.8', '6.5', '5.8b']","['65.5', '65.7', '66.8b']",,,,,,"['100', '113', '114c']","['83', '100', '102b']","['23', '40d', '34d,e']","['168', '160d', '189d,e']","['-145', '-121d', '-155d,e']","['-25', '22f', '...']",Micronesia (Federated States of)
"['5 362', '6 259', '7 424b']","['2.1', '4.9', '7.6b']","['150 577.0', '165 945.5', '190 532.5b']",,,,,,,,,,,,,,,Monaco
"['7 189', '11 750', '13 853b']","['6.4', '2.4', '4.9b']","['2 643.3', '3 918.6', '4 295.2b']",,,,,,,"['6.6', '4.9', '6c']","['53.1 /       65.1', '53.8 /       67.2', '53.1 /       66.1c']","['100i', '164i', '125j,c']","['66', '111', '140b']","['2 908h', '4 669', '7 576h,c']","['3 200h', '3 797', '5 294h,c']","['-291h', '873', '2 282h,c']","['-885', '-948', '-675c']",Mongolia
"['4 139', '4 053', '5 542b']","['2.7', '3.4', '4.1b']","['6 630.0', '6 464.7', '8 825.3b']",,,,,,,,,"['100', '111', '116k,e']","['93', '98', '102b']","['437', '353', '410e']","['2 182', '2 050', '2 394e']","['- 1 745', '- 1 697', '- 1 984e']","['-852', '-443', '- 1 235e']",Montenegro
"['56', '61', '67b']","['-6.9', '1.2', '5.9b']","['11 331.1', '12 357.9', '13 487.5b']","['1.1', '1.4', '1.1b']","['13.3', '12.4', '15.2b']","['85.7', '86.3', '83.7b']",,,,,,,,"['1', '3g', '5g,e']",,"['-28', '-36g', '-25g,e']","['-19', '-1', '-1d']",Montserrat
,,,"['14.4', '14.3', '13.8b']","['28.6', '29.5', '28.7b']","['56.9', '56.2', '57.6b']",,,,,,"['100g', '106g', '102h,d']","['93', '108', '111b']","['17 765', '22 337', '26 965f,d']","['35 379', '38 146', '43 280f,d']","['- 17 614', '- 15 809', '- 16 315f,d']","['- 3 925', '- 2 161', '- 1 633d']",Morocco
"['11 105', '15 951', '15 297b']","['6.5', '6.7', '2.3b']","['471.9', '589.9', '503.7b']",,,,,,,"['3.3', '3.4', '3.2c']","['82.8 /       82.0', '77.8 /       80.0', '77.0 /       79.0c']",,"['110', '98', '125b']","['2 243', '3 649h', '6 651h,c']","['3 564', '7 852h', '10 080h,c']","['- 1 321', '- 4 203h', '- 3 429h,c']","['- 1 679', '- 5 968', '- 3 813c']",Mozambique
"['44 847', '63 835', '76 785b']","['7.8', '6.4', '2.9b']","['886.3', '1 211.7', '1 420.7b']",,,,,,,,,"['100', '129', '168b']","['95', '101', '108b']","['8 873', '11 432', '16 929c']","['4 866', '16 913', '17 964c']","['4 008', '- 5 481', '- 1 035c']","['1 574', '- 3 109', '68b']",Myanmar
"['11 282', '11 272', '12 366b']","['6', '4.5', '-1.1b']","['5 324.6', '4 869.4', '4 957.4b']",,,,"['28.1', '24.5', '21.8c']","['13.9', '17', '16.4c']",,"['22.1', '20.9', '20.6c']","['52.6 /       63.0', '56.4 /       65.4', '56.6 /       63.6c']",,"['99', '99', '100b']","['5 848', '4 628', '5 600c']","['5 980', '7 697', '6 823c']","['-131', '- 3 069', '- 1 223c']","['-439', '- 1 540', '180c']",Namibia
"['59', '104', '133b']","['13.6', '2.8', '1b']","['5 924.8', '10 050.4', '12 350.9b']",,,,,,,,,"['100', '100i', '...']","['100', '100', '101b']",,,,"['24', '-17', '8d']",Nauru
"['16 281', '20 801', '30 715b']","['4.8', '3.3', '7b']","['602.7', '770', '1 073.6b']","['35.4', '31.7', '27.5b']","['15.1', '14.8', '15.1b']","['49.5', '53.4', '57.4b']",,,"['16.5', '18.5', '20.2d']",,,,"['83', '99', '113b']",,,,"['-128', '2 447', '-65d']",Nepal
"['846 555', '765 265', '907 051b']","['1.3', '2', '1.7b']","['50 743.8', '45 179.0', '53 052.8b']",,,,,,,,,"['100', '109', '117d']","['90', '100', '100b']","['492 646', '464 697', '551 598d']","['439 987', '412 644', '482 764d']","['52 659', '52 053', '68 834d']","['61 803', '48 549', '71 062d']",Netherlands
"['9 355', '8 790', '9 880b']","['6.9', '0.6', '1.6b']","['36 900.3', '32 426.5', '34 941.5b']","['1.5', '2.1', '2b']","['28.3', '23.9', '24.8b']",,,,,,,,"['86', '110', '100b']","['1 268', '1 239', '1 634g,e']","['3 303', '2 529', '2 599g,e']","['- 2 036', '- 1 291', '-965g,e']","['- 1 360', '- 1 119', '-654i']",New Caledonia
"['146 584', '177 468', '206 936b']","['1', '4.2', '1.5b']","['33 542.7', '38 458.4', '43 229.3b']",,,,,,,"['6.6', '5.4', '4c']","['61.0 /       73.8', '62.8 /       74.1', '64.7 /       75.2c']",,"['87', '101', '101b']","['31 393', '34 357', '38 877c']","['30 616', '36 528', '37 098c']","['777', '- 2 171', '1 779c']","['- 3 429', '- 4 767', '- 1 886c']",New Zealand
"['8 759', '12 757', '12 521b']","['4.4', '4.8', '-3.9b']","['1 503.9', '2 049.8', '1 912.9b']","['18.7', '17.8', '17.1b']","['24.2', '28.5', '27.8b']","['57', '53.7', '55.1b']",,,,,,"['100', '137', '169c']","['90', '97', '118b']","['1 848', '4 667', '4 965d,c']","['4 191', '5 866', '5 424d,c']","['- 2 343', '- 1 199', '-459d,c']","['-777', '- 1 260', '958c']",Nicaragua
"['7 620', '9 659', '12 928b']","['8.4', '4.3', '5.8b']","['462.8', '482.9', '554.6b']",,,,,,,,,,"['85', '101', '120b']","['479', '790', '3 068i,d']","['2 273', '2 458', '743i,d']","['- 1 794', '- 1 669', '2 324i,d']","['- 1 137', '- 1 486', '- 1 572b']",Niger
"['363 360', '494 583', '474 517b']","['8', '2.7', '2.2b']","['2 292.4', '2 730.4', '2 361.2b']",,,,,,,,,,"['87', '99', '107b']","['86 568', '48 433', '91 933i,d']","['44 235', '33 831', '108 104i,d']","['42 333', '14 602', '- 16 171i,d']","['13 111', '- 15 439', '- 16 976d']",Nigeria
,,,,,,,,,,,,"['101', '99', '94b']",,,,,Niue
,,,,,,,,,,,,,,,,,Northern Mariana Islands
"['428 757', '385 802', '403 336c']","['0.7', '2', '1.2c']","['87 754.3', '74 194.9', '74 985.5c']",,,,,,,,,"['100', '109', '122d']","['97', '100', '102c']","['130 657', '103 785', '82 665d']","['77 330', '76 399', '81 304d']","['53 327', '27 386', '1 361d']","['50 258', '31 106', '7 185d']",Norway
"['56 913', '68 400', '76 332b']","['1.7', '4.6', '-0.8b']","['18 712.6', '16 028.6', '15 343.1b']","['1.4', '1.9', '2.3b']","['62.6', '50.6', '51.6b']","['36', '47.5', '46.2b']",,,,,,"['100', '109', '113d']","['84', '101', '133b']","['36 600', '35 686', '29 870e,d']","['19 775', '29 007', '21 123e,d']","['16 825', '6 679', '8 748e,d']","['4 634', '- 10 954', '- 4 140b']",Oman
"['174 508', '267 035', '256 996b']","['1.6', '4.7', '3.3b']","['972.6', '1 339.0', '1 186.7b']",,,,,,,"['0.6', '3.6', '4.4c']","['21.7 /       79.9', '23.9 /       80.8', '22.2 /       81.7c']","['100i', '145', '200c']","['87', '99', '118b']","['21 413', '22 089', '22 237c']","['37 537', '43 990', '45 775c']","['- 16 124', '- 21 901', '- 23 538c']","['- 1 354', '- 2 803', '245c']",Pakistan
"['183', '279', '280b']","['0.3', '9.5', '0.3b']","['10 219.9', '15 784.0', '15 572.5b']",,,,,,,,,"['100', '118', '118m']",,,,,"['-19', '-24', '-52m']",Palau
"['29 440', '54 092', '66 788b']","['5.8', '5.7', '3b']","['8 082.0', '13 630.3', '15 728.0b']","['3.8', '2.9', '2.2b']","['20.1', '28.7', '30.6b']","['76.2', '68.4', '67.2b']",,,,,,,"['90', '100', '104b']",,,,"['- 3 113', '- 4 848', '1 233d']",Panama
"['14 251', '21 723', '24 970b']","['10.1', '6.6', '6.5b']","['1 949.4', '2 679.3', '2 845.2b']",,,,"['66.4', '61.3', '57.8c']","['4.8', '6.4', '6.7c']",,"['2', '2.6', '2.5c']","['47.2 /       49.3', '46.6 /       48.2', '46.0 /       47.9c']","['100i', '128', '164c']","['90', '100', '106b']",,,,"['-642', '4 407', '5 451j']",Papua New Guinea
"['27 239', '36 164', '38 087b']","['11.1', '3.1', '0.2b']","['4 359.6', '5 406.7', '5 406.5b']",,"['37.3', '37.4', '35.9b']",,,,,,,,"['81', '99', '102b']","['6 517', '8 328', '8 181g,d']","['10 033', '10 291', '9 927g,d']","['- 3 517', '- 1 964', '- 1 746g,d']","['49', '-145', '738d']",Paraguay
"['147 528', '189 803', '226 850b']","['8.3', '3.3', '2.2b']","['5 082.3', '6 229.0', '6 977.8b']",,,,,,,"['3.5', '3', '3.2i']","['72.1 /       85.9', '67.9 /       83.8', '70.6 /       85.5i']",,"['84', '100', '117b']","['35 807', '33 667', '35 887h,i']","['29 966', '38 026', '22 009h,i']","['5 842', '- 4 359', '13 878h,i']","['- 3 564', '- 9 526', '- 3 531b']",Peru
"['199 591', '292 774', '359 354b']","['7.6', '6.1', '5.9b']","['2 124.1', '2 867.1', '3 323.8b']",,,,,,,,,,"['91', '100', '104b']","['51 498', '58 648', '63 901j,d']","['58 468', '70 153', '90 692j,d']","['- 6 970', '- 11 505', '- 26 791j,d']","['7 179', '7 266', '12 979d']",Philippines
"['479 834', '477 812', '595 862b']","['3.7', '4.2', '4.5b']","['12 518.6', '12 562.7', '15 727.0b']",,,,,,,"['9.6', '7.5', '3c']","['48.3 /       64.3', '48.8 /       65.2', '48.3 /       65.1c']",,"['91', '97', '103b']","['157 065', '194 461', '254 169c']","['174 128', '189 696', '254 660c']","['- 17 063', '4 765', '-491c']","['- 26 660', '- 4 347', '21 067c']",Poland
"['237 881', '199 314', '238 785b']","['1.7', '1.8', '2.2b']","['22 449.9', '19 223.3', '23 350.4b']",,,,,,,,,,"['97', '108', '109b']","['49 414', '55 045', '61 529d']","['77 682', '66 909', '77 594d']","['- 28 268', '- 11 864', '- 16 065d']","['- 24 407', '471', '- 2 607d']",Portugal
"['98 381', '103 376', '104 989b']","['-0.4', '-1', '1.2b']","['27 482.0', '30 570.7', '35 790.7b']",,,,,,"['81.3', '82.5', '83.5f']",,,,"['116', '99', '94b']",,,,,Puerto Rico
"['125 122', '161 740', '183 466b']","['16.7', '3.7', '-0.2b']","['67 403.2', '63 039.1', '64 781.7b']",,,,,,,,,"['...', '105g', '97h,d']","['77', '118', '119b']","['74 964', '77 971', '51 504d']","['23 240', '32 610', '25 835d']","['51 725', '45 361', '25 669d']","['...', '13 751', '- 3 617d']",Qatar
"['1 144 067', '1 465 773', '1 646 539b']","['6.8', '2.8', '2b']","['23 091.2', '28 840.7', '32 143.1b']",,,,,,,,,,"['94', '100', '100b']","['466 381', '526 753', '512 710d']","['425 208', '436 487', '467 498d']","['41 173', '90 266', '45 212d']","['27 950', '105 119', '75 276d']",Republic of Korea
"['6 975', '7 745', '11 955c']","['7.1', '-0.3', '3.5c']","['1 707.0', '1 902.7', '2 956.9c']",,,,,,,,,,"['88', '91', '118c']","['1 541', '1 967', '2 485d']","['3 855', '3 987', '5 416d']","['- 2 314', '- 2 020', '- 2 931d']","['-481', '-463', '-796d']",Republic of Moldova
"['166 225', '177 895', '250 076b']","['-3.9', '3.9', '4.1b']","['8 119.7', '8 928.1', '12 914.1b']",,,,,,,"['7', '6.8', '3.9c']","['46.3 /       64.3', '45.2 /       64.4', '44.9 /       64.4c']","['100i', '114i', '127j,c']","['93', '96', '113b']","['49 413', '60 605', '71 046c']","['62 007', '69 858', '92 056c']","['- 12 593', '- 9 253', '- 21 010c']","['- 8 478', '- 1 396', '- 13 138c']",Romania
"['1 539 845', '1 366 410', '1 692 930b']","['4.5', '-2', '1.3b']","['10 732.2', '9 424.5', '11 605.6b']","['3.8', '4.3', '3.9b']","['34.8', '33.3', '34.1b']","['61.4', '62.4', '62b']",,,,,,"['100', '152', '187c']","['74', '100', '110b']",,,,"['67 452', '67 777', '33 949c']",Russian Federation
"['6 124', '8 533', '10 355b']","['7.3', '8.9', '9.4b']","['610', '750.5', '820.1b']",,,,"['79.5', '66.7', '61.7c']","['5.7', '8.3', '9.1c']",,"['1.1', '1.1', '1c']","['84.1 /       84.9', '83.9 /       84.0', '84.0 /       83.3c']",,"['117', '101', '123b']","['242', '594', '1 629h,c']","['1 405', '2 370', '3 595h,c']","['- 1 163', '- 1 777', '- 1 966h,c']","['-399', '- 1 084', '- 1 254b']",Rwanda
,,,,,,,,,,,,,,,,,Réunion
,,,,,,,,,,,,,,,,,Saint Helena
"['760', '923', '1 051b']","['-0.6', '1', '2.5b']","['15 508.6', '18 029.3', '19 896.5b']","['1.4', '1.1', '1.4b']","['25.2', '26.1', '27.5b']","['73.4', '72.8', '71.2b']",,,,,,,"['103', '101', '92b']","['32', '32', '53g,e']","['270', '297', '272g,e']","['-238', '-265', '-219g,e']","['-139', '-80', '-72d']",Saint Kitts and Nevis
"['1 487', '1 808', '2 122c']","['0.5', '0.1', '1.7c']","['8 540.4', '10 093.9', '11 611.4c']",,,,,,,,,,"['107', '100', '104c']","['215', '181', '115k,f']","['647', '583', '539k,f']","['-432', '-403', '-424k,f']","['-203', '38', '103e']",Saint Lucia
,,,,,,,,,,,,,,,,,Saint Pierre and Miquelon
"['681', '755', '825b']","['-3.3', '1.3', '0.3b']","['6 292.8', '6 920.9', '7 463.5b']","['7.1', '7.3', '8.6b']","['19.2', '18.1', '16.7b']","['73.7', '74.7', '75.3b']",,,,,,,"['108', '100', '104b']","['42', '47', '54f,e']","['379', '334', '321f,e']","['-338', '-287', '-267f,e']","['-208', '-116', '-99d']",Saint Vincent and the Grenadines
"['692', '787', '845b']","['2.4', '6.7', '2.3b']","['3 722.1', '4 066.3', '4 285.5b']",,"['18.1', '18.1', '15.7b']",,,,,,,,"['94', '100', '104b']","['70', '59', '37g,d']","['310', '371', '313g,d']","['-240', '-312', '-276g,d']","['-62', '-13', '15b']",Samoa
"['2 139', '1 419', '1 602b']","['-4.6', '-6.2', '1.1b']","['68 505.0', '42 643.4', '47 313.4b']",,,,,,,,,,,,,,,San Marino
"['197', '318', '422b']","['6.7', '3.9', '1.3b']","['1 094.7', '1 595.8', '1 961.2b']","['11.8', '12.2', '12.4b']","['18.2', '15.7', '12.8b']","['70.1', '72.1', '74.8b']",,,"['57.9', '60.5', '62.9d']",,,"['100', '154', '185c']","['101', '86', '107b']","['6', '9', '11e,d']","['112', '142', '164e,d']","['-106', '-133', '-153e,d']","['-88', '-69', '-60d']",Sao Tome and Principe
"['528 207', '654 270', '792 967b']","['5', '4.1', '0.3b']","['19 262.6', '20 627.9', '23 139.8b']",,,,,,,"['5.6', '5.6', '5.9c']","['18.3 /       74.6', '22.2 /       79.5', '22.3 /       78.7c']","['100i', '96j', '101j,c']","['101', '101', '132b']","['250 577', '203 689', '168 822h,c']","['103 622', '174 786', '131 354h,c']","['146 955', '28 903', '37 468h,c']","['66 751', '- 56 724', '- 19 647c']",Saudi Arabia
"['16 725', '17 761', '23 665c']","['4.2', '6.4', '5.2c']","['1 319.2', '1 218.3', '1 452.1c']",,,,,,,,,"['100', '105', '112f']","['99', '112', '153c']","['2 086', '2 612', '3 929f']","['4 777', '5 595', '7 812f']","['- 2 691', '- 2 984', '- 3 883f']","['-589', '-945', '- 2 215l']",Senegal
"['41 819', '39 656', '51 475c']","['0.7', '1.8', '4.2c']","['5 735.4', '5 589.0', '7 359.3c']",,,,,,,,,"['100', '133', '146e']","['100', '94', '107c']",,,,"['- 2 692', '- 1 370', '- 2 236e']",Serbia
"['970', '1 377', '1 699b']","['5.9', '4.9', '4.7b']","['10 628.1', '14 503.3', '17 381.7b']",,,,,,,,,,"['100', '99', '92b']","['418', '474', '546o,d']","['1 180', '975', '1 041o,d']","['-763', '-501', '-496o,d']","['-214', '-256', '-330d']",Seychelles
"['2 578', '4 248', '4 122b']","['5.3', '-20.5', '5.5b']","['401.8', '592.3', '527.5b']","['55.2', '60.5', '59.9b']","['8.1', '4.6', '5.8b']","['36.7', '34.9', '34.3b']",,,,,,,"['90', '99', '105b']","['319d', '93', '193d,c']","['776d', '1 759', '1 120d,c']","['-457d', '- 1 666', '-927d,c']","['-585', '- 1 003', '-915b']",Sierra Leone
"['239 808', '307 999', '372 074c']","['14.5', '3', '0.7c']","['46 735.5', '55 076.9', '64 102.7c']",,,,"['0.9', '0.8', '0.7d']","['21.6', '17.3', '15.2d']",,"['4.1', '3.8', '4.4d']","['58.1 /       78.6', '62.6 /       79.4', '61.8 /       78.2d']","['100', '113', '114d']","['75', '99', '112c']","['353 240', '357 941', '362 928h,d']","['313 071', '308 122', '329 032h,d']","['40 169', '49 820', '33 895h,d']","['54 996', '57 574', '59 786d']",Singapore
"['896', '1 066', '1 009b']","['1.1', '0.5', '5b']","['26 237.8', '26 682.0', '23 803.9b']","['0.1', '0.1', '0.1b']","['13.4', '9.8', '10b']","['86.5', '90.1', '89.9b']",,,,,,,,,,,"['...', '18', '-149b']",Sint Maarten (Dutch part)
"['90 311', '88 468', '105 080c']","['5.9', '4.8', '2.3c']","['16 710.9', '16 275.5', '19 255.9c']",,,,,,,,,"['100', '109', '118d']","['87', '90', '98c']","['65 306', '74 970', '86 333d']","['65 644', '73 053', '85 449d']","['-338', '1 916', '884d']","['- 4 210', '- 1 849', '-294d']",Slovakia
"['48 161', '43 090', '54 174b']","['1.3', '2.2', '3.2b']","['23 569.9', '20 804.5', '26 062.2b']",,,,,,,,,"['100', '106', '111d']","['104', '102', '99b']","['24 435', '26 587', '37 471d']","['26 592', '25 870', '36 513d']","['- 2 157', '717', '958d']","['-366', '1 646', '3 748d']",Slovenia
"['720', '1 071', '1 303b']","['10.6', '1.4', '1.2b']","['1 363.3', '1 775.7', '1 944.8b']","['28.7', '26', '26.1b']","['13.3', '14.6', '15.7b']","['57.9', '59.5', '58.2b']",,,,,,"['100', '125', '137e']","['96', '100', '105b']","['215', '400', '680f,e']","['328', '466', '141f,e']","['-112', '-65', '539f,e']","['-144', '-36', '-25e']",Solomon Islands
"['1 093', '1 455', '1 626b']","['2.6', '2.7', '2.9b']","['90.7', '105.4', '105.3b']","['60.2', '60.2', '60.2b']","['7.4', '7.4', '7.4b']","['32.5', '32.5', '32.5b']",,,,,,,"['108', '102', '97b']",,,,,Somalia
"['375 348', '317 416', '351 431b']","['3', '1.2', '0.2b']","['7 328.6', '5 730.9', '6 001.4b']","['2.6', '2.3', '2.1b']","['30.2', '29.1', '29.2b']","['67.2', '68.6', '68.7b']",,,,,,,"['90', '101', '102b']",,,,"['- 5 492', '- 14 568', '6 711d']",South Africa
"['14 930', '6 580', '4 960d']","['-0.5', '7.9', '0.9d']","['1 570.2', '614.1', '448.4d']","['5.1', '4.2', '3.3d']","['55.4', '45', '51.9d']","['39.4', '50.9', '44.8d']",,,,,,"['100', '332', '20 423e']","['...', '99', '107d']",,,,"['...', '-500', '257d']",South Sudan
"['1 420 722', '1 195 119', '1 393 491c']","['0.2', '3.8', '2c']","['30 272.6', '25 606.8', '29 815.7c']",,,,,,,,,,"['95', '99', '106c']","['246 265', '276 959', '312 081d']","['315 547', '304 708', '329 739d']","['- 69 282', '- 27 750', '- 17 658d']","['- 52 250', '24 108', '8 665d']",Spain
"['56 726', '80 604', '84 009b']","['8', '5', '2.3b']","['2 799.6', '3 855.2', '3 939.7b']",,,,,,,,,"['100j,k', '110l', '138l,d']","['93', '105', '106b']","['8 304', '10 440', '10 707d']","['12 354', '18 967', '15 607d']","['- 4 050', '- 8 528', '- 4 900d']","['- 1 075', '- 1 883', '- 1 808b']",Sri Lanka
"['9 682', '13 972', '17 059c']","['5.8', '3.7', '0.9c']","['2 387.2', '3 085.0', '3 424.5c']",,,,,,,,,"['100', '111', '112l,k']","['96', '88', '109c']","['576', '958', '1 130j,k']","['3 959', '5 225', '5 750j,k']","['- 3 383', '- 4 268', '- 4 620j,k']","['- 1 307', '- 1 939', '- 1 834c']",State of Palestine
"['54 735', '83 933', '34 895b']","['8.3', '4', '1.3b']","['1 584.4', '2 157.5', '815.1b']","['42.6', '32', '20.2b']","['14.1', '16.3', '21.9b']","['43.4', '51.8', '57.9b']",,,,,,,"['...', '92', '116b']",,,,"['- 1 725', '- 5 461', '- 5 215b']",Sudan
"['4 368', '4 787', '3 697b']","['5.2', '-3.4', '0.3b']","['8 255.8', '8 562.2', '6 359.6b']","['10.2', '10', '10.2b']","['37.9', '28', '32.1b']","['51.9', '62', '57.6b']",,,,,,,"['92', '98', '99b']","['2 026', '1 814', '1 686f,e']","['1 397', '1 904', '2 047f,e']","['628', '-90', '-361f,e']","['651', '-786', '275e']",Suriname
"['495 813', '505 104', '530 884b']","['6', '4.5', '1.3b']","['52 801.2', '51 726.2', '52 896.0b']",,,,,,,,,"['100', '104', '111d']","['91', '102', '100b']","['158 411', '140 001', '155 608d']","['148 788', '138 361', '149 792d']","['9 622', '1 641', '5 816d']","['29 196', '16 750', '28 188d']",Sweden
"['603 434', '702 150', '731 425b']","['3.3', '1.7', '1.1b']","['77 277.5', '84 629.2', '85 135.0b']",,,,,,,"['4.8', '4.8', '4.8c']","['59.9 /       74.3', '62.4 /       74.2', '62.8 /       73.5c']",,"['99', '99', '97b']","['195 609', '291 959', '318 415c']","['176 281', '253 152', '290 325c']","['19 329', '38 807', '28 090c']","['88 315', '72 112', '28 094c']",Switzerland
"['60 465', '19 090', '20 379b']","['3.4', '-6.1', '4.8b']","['2 830.4', '1 060.7', '1 193.9b']",,,,"['14.5', '12', '10.5e']","['31', '28.3', '26.5e']",,"['8.6', '8.5', '8.4e']","['13.1 /       72.8', '14.1 /       73.6', '14.3 /       74.0e']","['100', '449', '896b']","['132', '103', '118b']","['11 353', '1 688h', '400h,e']","['17 562', '3 206h', '729h,e']","['- 6 209', '- 1 518h', '-329h,e']","['-367', '...', '...']",Syrian Arab Republic
"['5 642', '7 855', '8 333b']","['6.5', '6', '7.5b']","['749.6', '929.1', '894b']","['21.8', '24.7', '22.8b']","['27.9', '27.5', '36.6b']","['50.3', '47.8', '40.6b']",,,,,,,"['76', '102', '159b']",,,,"['-581', '-477', '336c']",Tajikistan
"['341 105', '401 296', '542 017b']","['7.5', '3.1', '2.4b']","['5 076.3', '5 840.0', '7 784.7b']",,,,,,,,,,"['90', '97', '101b']","['195 312', '214 309', '219 084e,c']","['182 393', '202 642', '188 668e,c']","['12 918', '11 667', '30 416e,c']","['11 486', '27 753', '16 298c']",Thailand
"['9 407', '10 065', '12 695b']","['3.4', '3.9', '3.6b']","['4 542.9', '4 840.3', '6 093.1b']",,,,,,,"['32', '26.1', '16.4c']","['42.8 /       68.6', '43.5 /       67.6', '43.0 /       67.2c']","['100', '110', '115c']","['97', '102', '96b']","['3 351', '4 530', '6 633c']","['5 474', '6 427', '8 709c']","['- 2 123', '- 1 897', '- 2 076c']","['-198', '-193', '-424c']",The former Yugoslav Republic of Macedonia
"['882', '1 594', '2 018b']","['9.5', '2.9', '18.7b']","['806.4', '1 332.8', '1 560.5b']",,,,,,,"['3.3', '4.4', '4.6i']","['60.6 /       70.7', '61.2 /       71.9', '61.9 /       72.7i']",,"['95', '104', '99b']",,,,"['1 671', '225', '-357i']",Timor-Leste
"['3 426', '5 346', '7 270b']","['6.1', '11.1', '5.3b']","['533.5', '730', '899.5b']","['33.8', '24.2', '22b']",,,,,,,,"['100', '111', '115d']","['89', '98', '110b']","['741', '792', '992g,d']","['1 350', '1 877', '2 488g,d']","['-609', '- 1 085', '- 1 496g,d']","['-200', '-461', '-55b']",Togo
,,,,,,,,,,,,"['95', '99', '106b']",,,,,Tokelau
"['371', '403', '508b']","['0.8', '1.2', '0.7b']","['3 570.2', '4 001.2', '4 865.5b']",,,,,,,,,,"['141', '102', '91b']","['8', '15i', '14i,d']","['159', '208i', '350i,d']","['-151', '-193i', '-336i,d']","['-87', '-44', '-19d']",Tonga
"['22 182', '24 960', '23 209b']","['3.3', '1.5', '-1.2b']","['16 701.8', '18 214.4', '16 637.3b']",,,,,,,,,,"['110', '89', '104b']","['10 982', '10 756', '14 561j,e']","['6 480', '9 298', '1 076j,e']","['4 502', '1 458', '13 485j,e']","['4 172', '2 057', '1 056b']",Trinidad and Tobago
"['44 051', '43 173', '38 797b']","['3.5', '1.2', '1b']","['4 142.0', '3 861.6', '3 317.5b']",,,,,,,,,"['100f,g', '127f', '168d']","['84', '115', '106b']","['16 427', '14 073', '13 854f,d']","['22 215', '20 223', '18 392f,d']","['- 5 789', '- 6 149', '- 4 538f,d']","['- 2 104', '- 3 850', '- 3 284b']",Tunisia
"['776 967', '864 314', '761 426b']","['8.4', '6.1', '0.9b']","['10 742.4', '11 006.2', '9 126.6b']",,,,,,,,,"['100i', '146i', '263d']","['86', '102', '111b']","['113 883', '143 850', '169 658d']","['185 544', '207 207', '219 514d']","['- 71 661', '- 63 356', '- 49 856d']","['- 44 620', '- 27 314', '- 37 315d']",Turkey
"['22 583', '36 052', '48 276b']","['9.2', '6.5', '3b']","['4 439.2', '6 477.9', '8 124.5b']","['11.5', '9.4', '8.9b']","['60', '57.8', '60.4b']","['28.5', '32.7', '30.7b']",,,,,,,"['109', '102', '95b']",,,,,Turkmenistan
"['687', '942', '1 197c']","['1', '11.3', '5.3c']","['21 028.4', '26 182.4', '31 353.5c']","['0.6', '0.6', '0.4c']","['12.4', '11.1', '13.5c']","['86.9', '88.3', '86c']",,,,,,,,,,,"['...', '154', '173j']",Turks and Caicos Islands
"['31', '35', '47b']","['-3.3', '9.2', '6.3b']","['2 981.5', '3 156.9', '4 036.0b']","['27.3', '21.4', '21.4b']",,"['67', '65.9', '65.2b']",,,,,,"['100', '101g', '...']","['95', '100', '103b']",,,,"['-14', '-26', '-9b']",Tuvalu
"['19 683', '25 098', '32 609b']","['8.2', '5.7', '6.7b']","['607', '656.6', '736.6b']",,,,,,,,,"['...', '151j', '111k,d']","['97', '103', '100b']","['1 619', '2 267', '4 149d']","['4 664', '5 528', '8 251d']","['- 3 046', '- 3 261', '- 4 102d']","['- 1 610', '- 1 671', '- 2 333b']",Uganda
,,,,,,,,,,,"['100', '180', '290e']","['78', '97', '109c']",,,,"['- 3 016', '5 035', '5 207e']",Ukraine
"['289 787', '358 135', '421 142c']","['1.6', '5.1', '1.7c']","['33 893.3', '38 663.4', '43 103.3c']","['0.8', '0.7', '0.7c']","['52.5', '43.9', '46.2c']","['46.7', '55.4', '53.1c']",,,,,,"['100g', '109', '112e']","['132', '99', '112c']","['198 362', '300 479', '376 382f,e']","['187 001', '287 025', '198 753f,e']","['11 361', '13 454', '177 628f,e']",,United Arab Emirates
"['2 481 580', '2 932 785', '2 826 442c']","['2.1', '2.4', '1.3c']","['39 104.7', '44 530.5', '41 854.5c']",,,,,,,,,,"['94', '101', '104c']","['422 014', '466 296', '399 622e']","['627 618', '630 251', '631 221e']","['- 205 603', '- 163 955', '- 231 600e']","['- 77 464', '- 147 252', '- 95 421e']",United Kingdom
,,,,,,,,,,,,"['73', '105', '107c']","['4 051', '5 854', '2 793g,e']","['8 013', '14 706', '10 168g,e']","['- 3 962', '- 8 852', '- 7 375g,e']","['- 2 211', '- 4 477', '- 1 301c']",United Republic of Tanzania
,,,,,,,,,,,,,,,,,United States Virgin Islands
"['14 992 052', '18 238 301', '21 433 226b']","['2.6', '3.1', '2.2b']","['48 516.2', '56 838.7', '65 133.7b']",,,,,,,"['9.6', '5.3', '3.9i']","['57.5 /       69.9', '55.8 /       68.4', '55.9 /       67.9i']",,"['92', '97', '100b']","['1 278 099', '1 501 846', '1 430 254i']","['1 968 260', '2 313 425', '2 405 382i']","['- 690 161', '- 811 579', '- 975 128i']","['- 432 002', '- 407 356', '- 647 218i']",United States of America
"['40 285', '53 274', '56 046b']","['7.8', '0.4', '0.2b']","['11 992.0', '15 613.8', '16 190.1b']","['8', '6.7', '6.5b']","['27.3', '28', '26.6b']","['64.7', '65.3', '66.9b']",,,,,,,"['93', '101', '102b']","['6 724', '7 670', '6 853d']","['8 622', '9 489', '7 564d']","['- 1 898', '- 1 820', '-711d']","['-731', '-147', '-297d']",Uruguay
"['46 909', '81 847', '57 921b']","['8.5', '7.4', '5.6b']","['1 645.0', '2 646.3', '1 756.2b']",,,,,,,,,"['...', '...', '173j,k,d']","['74', '101', '102b']","['11 688i', '12 871i', '13 281d']","['8 680i', '12 416i', '20 020d']","['3 008i', '455i', '- 6 740d']","['2 517', '888', '- 3 138d']",Uzbekistan
"['701', '760', '907b']","['1.6', '0.2', '2.8b']","['2 966.9', '2 801.9', '3 023.4b']",,,,,,,,,"['100', '107', '117j,k,b']","['112', '98', '100b']","['46', '39i', '47i,d']","['276', '354i', '256i,d']","['-230', '-316i', '-209i,d']","['-42', '-12', '113b']",Vanuatu
"['393 806', '344 112', '134 960b']","['-1.5', '-6.2', '-35b']","['13 846.9', '11 439.2', '4 732.8b']","['5.7', '6.3', '5.7b']","['51', '30.5', '37b']","['43.4', '63.2', '57.3b']",,,"['69.9', '72.3', '75.5f']",,,,"['104', '101', '91b']","['66 963', '37 236e', '2 164e,f']","['32 343', '40 146e', '414e,f']","['34 620', '- 2 910e', '1 750e,f']","['5 585', '- 16 051', '- 3 870i']",Venezuela (Bolivarian Republic of)
"['115 932', '193 241', '261 921b']","['6.4', '6.7', '7b']","['1 317.9', '2 085.1', '2 715.3b']",,"['36.7', '37', '38.3b']",,,,,,,"['100', '145', '169d']","['84', '101', '105b']","['72 237', '162 017', '282 817g,d']","['84 839', '165 776', '262 001g,d']","['- 12 602', '- 3 759', '20 816g,d']","['- 4 276', '- 2 041', '13 101b']",Viet Nam
,,,,,,,,,,,,,,,,,Wallis and Futuna Islands
,,,,,,,,,,,,,,,,,Western Sahara
"['30 907', '26 660', '24 935b']","['3.3', '-30.5', '2.1b']","['1 334.8', '1 006.1', '855.1b']","['12.1', '18.2', '19b']","['38.7', '20.1', '20.5b']","['49.2', '61.7', '60.5b']",,,,,,,"['101', '100', '98b']","['6 437', '510', '~0e,d']","['9 255', '6 573', '5 298e,d']","['- 2 818', '- 6 063', '- 5 298e,d']","['- 1 054', '- 3 026', '- 2 419g']",Yemen
"['20 265', '20 859', '23 085b']","['10.3', '2.9', '1.4b']","['1 489.4', '1 313.6', '1 292.5b']",,,,"['64.3', '51.7', '48.5c']","['8.8', '10.7', '10.8c']",,"['13.2', '10.1', '11.4c']","['71.1 /       82.5', '70.2 /       80.3', '70.4 /       79.0c']","['100i', '144', '246c']","['89', '94', '110b']","['7 200', '6 607', '7 805c']","['5 321', '7 934', '5 314c']","['1 879', '- 1 328', '2 491c']","['1 525', '-768', '2 254c']",Zambia
"['12 042', '19 963', '21 441b']","['19.7', '1.8', '-8.1b']","['948.3', '1 445.1', '1 464.0b']","['10.9', '9.3', '9b']","['23.5', '25', '23.7b']","['65.6', '65.7', '67.3b']",,,,,,"['100', '106', '117e']","['104', '99', '113b']","['3 199', '3 411', '4 395c']","['5 852', '6 053', '5 048c']","['- 2 653', '- 2 642', '-653c']","['- 1 444', '- 1 678', '-308f']",Zimbabwe
