Population growth ratei (average annual %),Urban population (% of total population),Urban population growth ratei (average annual %),"Fertility rate, totali (live births per woman)","Life expectancy at birthi (females/males, years)","Population age distribution (0-14/60+ years old, %)",International migrant stockj (000/% of total pop.),Refugees and others of concern to UNHCR (000),Infant mortality ratei (per 1 000 live births),Health: Current expenditure (% of GDP),Health: Physicians (per 1 000 pop.),Education: Government expenditure (% of GDP),Education: Primary gross enrol. ratio (f/m per 100 pop.),Education: Secondary gross enrol. ratio (f/m per 100 pop.),Education: Upper secondary gross enrol. ratio (f/m per 100 pop.),Intentional homicide rate (per 100 000 pop.),Seats held by women in national parliaments (%),Country
"['2.6', '3.3', '2.5c']","['23.7', '24.8', '25.8b']","['3.7', '4', '...']","['6.5', '5.4', '4.6c']","['61.0 /       58.3', '63.8 /       60.9', '65.8 /       62.8c']","['48.2 /        3.9', '44.9 /        4.0', '41.2 /        4.3a']","['102.3 /        0.4', '339.4 /        1.0', '144.1 /        0.4c']","['1 200.0k', '1 421.4', '2 802.9c']","['72.2', '60.1', '51.7c']","['8.6', '10.1', '9.4l']","['0.2', '0.3', '0.3m']","['3.5', '3.3', '4.1h,n']","['80.6 /      118.6', '83.5 /      122.7', '82.9 /      124.2l']","['33.3 /       66.9', '36.8 /       65.9', '40.0 /       70.1l']","['17.8 /       42.7', '27.1 /       52.6', '28.5 /       52.4l']","['3.4', '9.8', '6.7l']","['27.3', '27.7', '27o']",Afghanistan
,"['52.2', '57.4', '61.2b']",,,,"['22.5 /       15.0', '18.7 /       17.9', '17.1 /       21.9a']",,"['0.1l', '8.1', '3.6c']",,"['4.7', '4.9', '5.3m']","['1.2', '1.3n', '1.6b']","['3.3o', '3.4', '3.6p']","['93.8 /       93.2', '107.3 /      104.0', '106.4 /      103.4b']","['88.4 /       87.9', '95.1 /       99.5', '95.7 /       94.6b']","['79.0 /       81.1', '89.6 /       99.6', '91.9 /       93.4b']","['4.3', '2.2', '2.3m']","['16.4', '20.7', '29.5q']",Albania
,"['67.5', '70.8', '73.2b']",,,,"['27.3 /        7.8', '28.7 /        8.9', '30.9 /       10.1a']",,"['94.4j', '100', '99.2d']",,"['5.1', '7', '6.2k']","['1.2l', '...', '1.7k']","['4.3m', '...', '...']","['111.5 /      119.0', '113.0 /      118.7', '104.9 /      109.7b']","['98.7 /       95.2', '101.5 /       97.8n', '... / ...']","['69.7 /       49.2', '72.8 /       52.6n', '... / ...']","['0.7', '1.4', '...']","['7.7', '31.6', '26o']",Algeria
,"['87.6', '87.2', '87.1b']",,,,,,,,,,"['14.6i', '...', '...']",,,,"['8.9', '7.2', '5.4j']",,American Samoa
,"['88.8', '88.3', '88b']",,,,,,,,"['6.6', '6.2', '6.7c']","['3.1m', '3.3', '...']","['3', '3.3', '3.2b']",,,,"['0', '0', '...']","['35.7', '50', '46.4n']",Andorra
,"['59.8', '63.4', '66.2b']",,,,"['47.0 /        3.8', '47.1 /        3.6', '46.2 /        3.7a']",,"['19.4i', '45.7i', '55.9d']",,"['2.7', '2.6', '2.5j']","['0.1k', '...', '0.2l']","['3.4', '...', '...']","['94.1 /      117.7', '105.9 /      121.1', '... / ...']","['21.3 /       31.3', '20.7 /       32.3m', '39.7 /       61.8n']","['13.2 /       23.7', '13.7 /       24.6m', '24.1 /       29.9n']","['...', '4.8o', '...']","['38.6', '36.8', '29.6p']",Angola
,"['100', '100', '100b']",,,,,,"['...', '...', '~0.0e']",,,,"['2.8j', '...', '...']","['118.9 /      124.4', '119.0 /      124.2k', '105.8 /      106.8b']","['111.0 /      112.1', '114.3 /      114.2k', '99.2 /      102.4b']","['113.9 /      103.2', '104.2 /      120.5k', '94.9 /       99.5b']","['0', '28.3l', '...']",,Anguilla
"['1.6', '1.2', '0.9e']","['26.2', '25', '24.5b']","['-1', '0.1', '...']","['2', '2', '2e']","['76.8 /       74.1', '77.4 /       74.8', '77.9 /       75.7e']","['24.3 /       10.7', '22.6 /       12.1', '21.7 /       14.6a']","['26.4 /       30.0', '28.1 /       30.0', '29.4 /       30.0e']","['...', '~0.0', '~0.0e']","['9', '6.8', '5.2e']",,"['0.5g', '...', '2.8k']","['2.5l', '...', '...']","['107.3 /      117.2', '103.2 /      106.8', '104.6 /      105.4d']","['115.7 /      109.9', '109.3 /      107.1', '109.1 /      113.3d']","['104.2 /       68.1', '90.7 /       79.0', '110.2 /       97.5d']","['6.8', '11.1m', '...']","['10.5', '11.1', '11.1n']",Antigua and Barbuda
,"['90.8', '91.5', '92c']",,,,"['26.0 /       14.2', '25.2 /       14.9', '24.3 /       15.7a']",,"['4.2j', '4.4', '188.8e']",,"['9.4', '10.2', '9.6k']","['...', '4', '4l']","['5', '5.8', '4.9k']","['116.2 /      117.7', '111.2 /      111.4', '109.7 /      109.6k']","['104.2 /       95.0', '110.2 /      103.8', '109.9 /      105.4k']","['77.8 /       64.7', '91.1 /       79.4', '91.2 /       81.7k']","['5.8', '6.6', '5.3k']","['38.5', '36.2', '42.4m']",Argentina
,"['63.4', '63.1', '63.2b']",,,,"['19.5 /       14.8', '20.1 /       15.8', '20.8 /       19.0a']",,"['85.8l', '16', '19.1c']",,"['9.2', '10.1', '10m']","['2.8', '2.9', '4.4n']","['3.2', '2.8', '2.7n']","['100.7 /       97.7', '95.8 /       94.3', '92.1 /       91.6b']","['103.7 /      105.6', '88.3 /       84.0', '88.9 /       84.4b']","['97.7 /      101.7', '95.0 /       85.3', '85.2 /       76.0b']","['1.9', '2.6', '1.7m']","['9.2', '10.7', '22.7o']",Armenia
,"['43.1', '43.1', '43.5b']",,,,"['20.9 /       15.5', '18.7 /       18.4', '17.3 /       22.6a']",,"['~0.0r', '~0.0', '17d']",,,,"['6.9', '6', '5.5s']","['113.0 /      114.5', '115.2 /      118.9t', '... / ...']","['98.3 /       93.5', '112.1 /      110.2u', '... / ...']","['91.2 /       78.5', '107.0 /      105.6u', '... / ...']","['3.9', '1.9t', '...']",,Aruba
,,,,,,,"['25.6q', '58.4', '137.4f']",,,"['3.3', '3.5', '3.8s']","['5.6', '5.3', '5.1t']","['105.5 /      105.7', '101.6 /      101.6', '100.1 /      100.2s']","['... / ...', '145.9 /      167.9', '128.6 /      136.7s']","['... / ...', '202.7 /      239.8', '174.8 /      181.2s']","['1', '1', '0.9s']","['27.3', '26.7', '31.1u']",Australia
"['0.4', '0.6', '0.7c']","['57.4', '57.7', '58.5b']","['-0.1', '0.7', '...']","['1.4', '1.4', '1.5c']","['82.8 /       77.3', '83.5 /       78.4', '83.8 /       78.9c']","['14.7 /       23.3', '14.1 /       24.3', '14.5 /       26.2a']",,"['68.7j', '92.2k', '162.1c']","['3.8', '3.3', '3.2c']","['10.2', '10.4', '10.3l']","['4.8', '5.1', '5.2l']","['5.7', '5.5', '5.4m']","['99.1 /      100.4', '101.5 /      102.4', '103.0 /      103.6l']","['96.8 /      100.7', '98.5 /      102.1', '98.1 /      101.7l']","['92.3 /       99.6', '97.3 /      103.6', '94.5 /      101.4l']","['0.7', '0.5', '1l']","['27.9', '30.6', '39.9n']",Austria
,,,,,,,"['596.9m', '628.1', '657.1e']",,"['2.5', '4.1', '3.5n']","['3.7', '3.4o', '...']","['2.8', '3', '2.5n']",,"['... / ...', '... / ...', '94.7 /       94.9j,c']","['... / ...', '... / ...', '82.1 /       81.2j,c']","['2.3', '2.3', '2.2n']","['11.4', '15.6', '18.2p']",Azerbaijan
,"['82.4', '82.7', '83.1b']",,,,"['26.9 /        9.0', '24.0 /       10.2', '21.3 /       12.7a']",,"['~0.0m', '0.1', '~0.0d']",,,"['2.8n', '2.3o', '1.9p']",,"['94.5 /       97.6q', '... / ...', '... / ...']","['91.2 /       87.6', '78.9 /       74.9r', '... / ...']","['89.8 /       84.0', '78.5 /       72.6r', '... / ...']","['26.5', '39', '32p']","['12.2', '13.2', '12.8s']",Bahamas
,"['88.6', '89', '89.4b']",,,,"['20.3 /        3.5', '20.8 /        4.1', '18.0 /        5.7a']",,"['0.2m', '0.4', '0.3d']",,"['3.8', '5', '4.1h']","['0.9', '0.9', '...']","['2.5n', '2.7', '2.3o']","['101.0 /       96.1p', '101.7 /      100.7', '97.7 /       98.3b']","['93.5 /       92.2', '101.8 /      102.5', '101.5 /       93.2b']","['92.9 /       88.5', '104.2 /      101.5', '101.9 /       90.9b']","['0.9', '0.5q', '...']","['2.5', '7.5', '15r']",Bahrain
,"['30.5', '34.3', '37.4b']",,,,"['32.0 /        7.0', '29.3 /        7.2', '26.3 /        8.2a']",,"['229.3i', '233', '860.5d']",,,"['0.4', '0.5', '0.6b']","['1.9l', '2e,m', '1.3b']","['109.3 /      102.8e', '... / ...', '120.8 /      112.4k']","['54.7 /       48.7', '69.7 /       61.8', '78.3 /       67.1b']","['40.0 /       41.1', '49.8 /       50.3', '60.5 /       57.2b']","['2.7', '2.6', '2.4k']","['18.6', '20', '20.9n']",Bangladesh
,"['31.9', '31.2', '31.2b']",,,,"['19.7 /       18.1', '18.3 /       20.3', '16.6 /       23.7a']",,"['...', '~0.0', '~0.0d']",,,"['1.8r', '...', '2.5s']","['6.1', '6.1t', '3.2b']","['100.4 /       98.8i', '95.6 /       96.2', '98.2 /      102.5b']","['102.1 /      101.7i', '109.5 /      105.7', '104.9 /      100.6b']","['109.4 /      101.7i', '113.5 /      107.8', '110.6 /      102.0b']","['11', '10.9', '9.8c']","['10', '16.7', '20u']",Barbados
,"['74.7', '77.2', '79b']",,,,"['14.9 /       19.1', '16.3 /       20.4', '17.3 /       23.2a']",,"['8.4k', '7.9', '9.2d']",,"['5.7', '6.1', '5.6l']","['3.2', '5.2', '...']","['5.2', '4.8', '4.8m']","['104.3 /      104.5', '99.2 /       99.1', '100.4 /      100.6l']","['106.4 /      109.9', '104.6 /      106.3', '101.7 /      103.1l']","['123.0 /      132.3', '110.1 /      115.9', '112.0 /      118.7l']","['4.3', '3.5', '2.4l']","['31.8', '27.3', '40n']",Belarus
,"['97.7', '97.9', '98b']",,,,"['16.9 /       23.2', '17.0 /       24.0', '17.0 /       26.0a']",,"['36.9l', '45.8', '98.2d']",,"['10.2', '10.4', '10.3m']","['2.9', '3', '6b']","['6.4', '6.5', '6.4n']","['101.8 /      102.0', '103.1 /      103.2', '103.6 /      103.1m']","['167.3 /      146.9', '174.7 /      153.6', '165.3 /      147.1m']","['180.6 /      152.6', '168.7 /      142.8', '161.8 /      138.2m']","['1.7', '2', '1.7n']","['38', '39.3', '42o']",Belgium
,"['45.2', '45.4', '45.9b']",,,,"['35.6 /        6.0', '32.1 /        6.6', '28.8 /        7.9a']",,"['0.2i', '0.1', '5.6d']",,"['5.6', '5.8', '5.7c']","['0.8j', '0.6k', '1.1c']","['6.7', '6.9', '7.6c']","['110.3 /      114.8', '110.2 /      115.5', '108.6 /      112.3b']","['78.2 /       72.4', '81.7 /       79.6', '87.2 /       85.6b']","['56.6 /       47.3', '63.3 /       56.1', '66.6 /       56.8b']","['40', '33', '37.8l']","['0', '3.1', '12.5m']",Belize
,"['43.1', '45.7', '47.9b']",,,,"['43.8 /        4.9', '43.0 /        5.0', '41.7 /        5.1a']",,"['7.3p', '0.6', '1.8f']",,"['3', '2.9', '2.5e']","['0.1', '0.1q', '0.1b']","['3.7', '3.2', '2.9k,e']","['113.2 /      126.9', '127.6 /      137.2', '112.4 /      120.9b']","['... / ...', '48.9 /       68.5', '50.7 /       67.1r']","['15.2 /       29.6k,s', '25.8 /       51.5', '25.8 /       48.5r']","['...', '...', '1.1t']","['10.8', '8.4', '8.4u']",Benin
,"['100', '100', '100b']",,,,,,,,,,"['2.6', '1.7', '1.5r']","['101.2 /       93.8s', '100.2 /      102.1', '... / ...']","['83.7 /       71.2', '81.5 /       72.6', '... / ...']","['76.6 /       63.9', '78.2 /       64.1', '... / ...']","['10.9', '6.5', '8.1r']",,Bermuda
,"['34.8', '38.7', '41.6b']",,,,"['31.2 /        7.5', '27.4 /        8.1', '24.6 /        9.1a']",,,,,"['0.3i', '0.3', '0.5b']","['4.1', '7.6', '6.9e,c']","['109.4 /      107.0', '104.8 /      103.7', '106.6 /      105.0d']","['64.7 /       62.5', '86.8 /       81.3', '95.7 /       84.7e,c']","['39.8 /       43.7', '67.4 /       69.1', '75.0 /       71.0e,c']","['2.3', '1.6', '1.2c']","['8.5', '8.5', '14.9j']",Bhutan
"['1.7', '1.6', '1.4f']","['66.4', '68.4', '69.8c']","['2.4', '2.1', '...']","['3.4', '3', '2.8f']","['69.0 /       64.4', '71.9 /       66.7', '74.0 /       68.3f']","['34.5 /        8.8', '32.4 /        9.5', '29.8 /       10.5a']","['122.8 /        1.2', '143.0 /        1.3', '164.1 /        1.4f']","['0.7k', '0.8', '6.7f']","['42.1', '32.4', '29.7f']","['5.2', '6.6', '6.3e']","['0.4', '0.5l', '1m']",,"['104.2 /      104.8', '94.9 /       96.9', '98.2 /       98.8c']","['88.5 /       88.9', '90.7 /       92.0', '89.2 /       90.8c']","['83.7 /       82.9', '88.0 /       87.7', '85.4 /       85.0c']","['12.7', '6.2', '6.2n']","['22.3', '53.1', '46.2o']",Bolivia (Plurinational State of)
,"['74.7', '74.8', '75f']",,,,,,"['~0.0g,h', '...', '...']",,,,,,,,,,"Bonaire, Sint Eustatius and Saba"
,"['45.6', '47.2', '48.6b']",,,,"['15.7 /       19.3', '15.2 /       21.5', '14.3 /       26.0a']",,"['179l', '143.9', '156.2d']",,"['9', '9.3', '8.9m']","['1.8', '2.2', '...']",,,,"['... / ...', '... / ...', '84.0 /       80.6b']","['1.5', '1.7', '1.2m']","['19', '21.4', '26.2n']",Bosnia and Herzegovina
,"['62.4', '67.2', '70.2b']",,,,"['35.0 /        5.3', '34.9 /        6.2', '33.0 /        7.2a']",,"['3.3i', '2.4', '1d']",,"['6.2', '5.7', '5.8c']","['0.4', '0.4j', '0.3c']","['9.6k', '...', '...']","['106.6 /      109.8k', '102.1 /      104.4', '... / ...']","['83.5 /       76.4l', '... / ...', '... / ...']","['62.9 /       54.5l', '... / ...', '... / ...']","['15.2', '...', '...']","['7.9', '9.5', '10.8m']",Botswana
,"['84.3', '85.8', '86.8b']",,,,"['24.8 /       10.2', '22.4 /       12.0', '20.5 /       14.5a']",,"['5.2n', '66', '407.8d']",,"['7.9', '8.9', '9.5o']","['1.8', '1.9p', '2.3b']","['5.6', '6.2', '6.3q']",,,,"['22.1', '28.6', '27.4o']","['8.8', '9', '15.2s']",Brazil
,"['44.8', '46.6', '48.1b']",,,,,,"['~0.0n', '...', '~0.0j']",,,,"['3.8', '5.1', '2.5c']","['107.2 /      110.0', '114.5 /      122.3', '102.5 /      102.6c']","['109.1 /      107.1', '96.9 /       89.3', '97.3 /       87.5o']","['99.7 /       83.1', '83.4 /       69.1', '86.2 /       68.9o']","['8.3p', '...', '...']",,British Virgin Islands
,"['75', '76.7', '77.9b']",,,,"['26.0 /        5.4', '24.1 /        7.0', '21.9 /       10.0a']",,"['21k', '20.5', '20.9d']",,,"['1.4', '1.8', '1.6m']","['2', '3.4n', '4.4o']","['106.3 /      106.8', '105.3 /      105.7', '100.5 /       99.7b']","['99.5 /       98.9', '97.5 /       95.5', '93.7 /       90.6b']","['97.7 /       96.6', '95.0 /       91.6', '88.1 /       83.7b']","['0.3', '0.5p', '...']","['...', '...', '9.1q']",Brunei Darussalam
,"['72.3', '74', '75.3b']",,,,"['13.5 /       25.3', '14.3 /       27.0', '14.7 /       28.4a']",,"['6.9k', '19', '21.5c']",,"['7.1', '7.4', '7.3l']","['3.8', '4', '4.2l']","['3.9', '4.1m', '4.1n']","['108.2 /      108.5', '93.7 /       94.7', '87.2 /       87.7l']","['88.2 /       92.1', '100.6 /      103.9', '95.2 /       98.4l']","['91.7 /       94.5', '111.8 /      114.1', '119.0 /      123.6l']","['2', '1.8', '1.3l']","['20.8', '20.4', '27.1o']",Bulgaria
,"['24.6', '27.5', '30b']",,,,"['46.2 /        3.9', '45.6 /        3.8', '44.1 /        4.0a']",,"['1.1m', '34.2', '941.3d']",,"['5.9', '5.8', '5.6n']","['~0.0', '0.1', '0.1b']","['3.5', '3.7', '5.4i,n']","['74.3 /       81.6', '87.2 /       89.5', '94.3 /       94.8b']","['18.9 /       24.8', '32.3 /       35.1', '42.0 /       40.7b']","['7.6 /       12.4', '10.6 /       16.1', '20.2 /       25.4b']","['0.8', '0.6', '1.3o']","['15.3', '13.3', '6.3p']",Burkina Faso
,"['10.6', '12.1', '13.4b']",,,,"['45.1 /        3.3', '45.5 /        3.7', '45.1 /        4.1a']",,"['200.8i', '137.7', '117.1d']",,,"['~0.0', '~0.0', '0.1k']","['6.8', '6.4e', '5.1c']","['136.4 /      138.0', '132.8 /      129.0', '119.8 /      118.1b']","['19.5 /       27.1', '42.9 /       45.8', '48.3 /       41.9b']","['9.2 /       15.5', '22.6 /       30.4', '41.5 /       40.5b']","['4', '4.5', '6.1l']","['31.4', '30.5', '38.2m']",Burundi
,"['61.8', '64.3', '66.2b']",,,,"['32.3 /        6.5', '29.9 /        6.8', '27.7 /        7.9a']",,"['~0.0m,n', '0.1', '0.1d']",,"['4.5', '4.8', '5.4c']","['0.6', '0.8', '...']","['5.6', '5.3', '5.2o']","['107.0 /      115.2', '101.7 /      109.2', '100.5 /      107.5c']","['94.3 /       79.6', '100.0 /       89.6', '92.5 /       83.9c']","['74.8 /       56.5', '86.5 /       67.7', '79.4 /       62.8c']","['7.9', '8.8', '6.8c']","['18.1', '20.8', '26.4p']",Cabo Verde
,"['20.3', '22.2', '23.8b']",,,,"['33.3 /        5.9', '31.6 /        6.8', '30.7 /        7.8a']",,"['0.2j', '0.2', '57.5d']",,,"['0.2', '0.2l', '...']","['1.5', '1.9l', '2.2g']","['120.2 /      127.4', '116.7 /      117.5', '105.0 /      107.8b']","['41.6 /       48.7e,m', '... / ...', '... / ...']","['24.3 /       33.0e,m', '... / ...', '... / ...']","['2.3', '1.8n', '...']","['21.1', '20.3', '21.6o']",Cambodia
,"['51.6', '54.6', '57b']",,,,"['43.7 /        4.4', '43.2 /        4.3', '41.8 /        4.3a']",,"['106.7l', '391.8', '1 786.9d']",,,"['0.1', '0.1n', '...']","['3', '2.8i', '3.1i,m']","['100.2 /      116.0', '109.9 /      122.4', '100.2 /      111.2b']","['36.8 /       44.1o', '54.4 /       63.6', '55.4 /       64.6p']","['26.0 /       31.9o', '39.7 /       49.0', '40.6 /       49.7p']","['4.9', '1.2', '1.4q']","['13.9', '31.1', '33.9r']",Cameroon
,"['80.9', '81.3', '81.5b']",,,,"['16.5 /       19.9', '16.0 /       22.3', '15.8 /       25.4a']",,"['216.6m', '155.8m', '209.4d']",,,"['...', '...', '2.4b']","['5.4', '5.3p', '...']","['98.9 /       98.4', '102.9 /      102.1', '101.3 /      101.7o']","['101.2 /      103.6', '110.9 /      109.9', '114.7 /      113.5o']","['102.0 /      105.0', '119.9 /      118.2', '118.4 /      117.2o']","['1.6', '1.7', '1.8o']","['22.1', '25.2', '29.6q']",Canada
,"['100', '100', '100b']",,,,,,"['~0.0r', '0.1', '0.1d']",,,,,"['92.8 /       98.9s', '88.4 /       86.7j', '86.1 /       89.1c']","['84.1 /       76.5s', '84.4 /       82.8j', '77.6 /       76.5c']","['81.4 /       71.2s', '74.3 /       73.9j', '71.2 /       72.6c']","['15.9', '8.2t', '...']",,Cayman Islands
,"['38.9', '40.3', '41.8b']",,,,"['44.1 /        4.6', '45.2 /        4.4', '43.0 /        4.5a']",,"['215.3j', '517.2', '743.4d']",,,"['~0.0l', '0.1', '...']","['1.1', '1.1m', '...']","['73.4 /      101.2', '75.7 /       99.8n', '89.4 /      114.6o']","['9.8 /       17.4l', '11.9 /       22.9n', '13.8 /       20.5p']","['5.6 /       10.0l', '6.9 /       11.7n', '7.0 /       11.8p']","['...', '...', '20.1o']","['9.6', '12.5q', '8.6r,s']",Central African Republic
,"['22', '22.5', '23.3b']",,,,"['48.8 /        3.9', '47.8 /        3.9', '46.2 /        3.9a']",,"['533j', '473.5', '820.6d']",,,"['~0.0l', '~0.0', '0.1b']","['2', '2.9m', '2.5e,n']","['69.1 /       94.6', '79.4 /      103.7', '78.0 /      100.3b']","['13.4 /       31.7', '13.9 /       30.9', '14.3 /       26.8b']","['8.7 /       24.2', '9.0 /       25.3', '10.2 /       23.5b']",,"['5.2', '14.9', '15.4o']",Chad
,,,,,,,,,,,,,,,"['0', '...', '...']",,Channel Islands
,"['87.1', '87.4', '87.6b']",,,,"['22.1 /       13.3', '20.6 /       15.3', '19.0 /       18.0a']",,"['1.9k', '2.5', '467.6d']",,"['6.8', '8.3l', '9.1l,m']","['2.9', '4.3', '5.2m']","['4.2', '4.9', '5.4n']","['102.2 /      105.2', '99.1 /      102.2', '100.7 /      103.6m']","['91.4 /       88.7', '102.1 /      101.5', '102.4 /      102.3m']","['88.3 /       84.1', '101.0 /       99.1', '103.4 /      101.9m']","['3.2', '3.4', '4.4m']","['14.2', '15.8', '22.6o']",Chile
,,,,,,,,,"['4.2', '4.9', '5.4m']","['1.4', '1.8', '2n']",,"['98.0 /       99.8', '96.4 /       96.2', '102.6 /      101.4c']","['88.0 /       88.3', '... / ...', '... / ...']","['76.1 /       77.5', '81.1 /       77.4', '80.9 /       78.1c']","['1', '0.7', '0.5m']","['21.3', '23.6', '24.9o']",China
,"['100', '100', '100b']",,,,"['11.9 /       18.4', '11.2 /       21.8', '13.0 /       26.9a']",,"['0.6l', '10.1', '0.2d']",,,,"['3.5', '3.3', '3.8b']","['... / ...', '111.2 /      109.3', '112.1 /      106.9b']","['88.2 /       87.9', '101.4 /      103.1', '106.4 /      108.9b']","['77.7 /       76.4', '97.9 /       99.2', '103.9 /      108.1b']","['0.5', '0.3', '0.7m']",,"China, Hong Kong SAR"
,"['100', '100', '100c']",,,,"['13.0 /       10.9', '12.6 /       14.4', '14.6 /       19.8a']",,"['~0.0h', '~0.0', '~0.0d']",,,,"['2.6', '3', '2.7i']","['94.0 /       95.8', '98.5 /      100.1', '100.3 /      102.3c']","['86.4 /       89.2', '93.8 /       95.2', '101.0 /      101.1c']","['75.3 /       73.3', '87.4 /       86.7', '96.6 /       95.1c']","['0.4', '0.2', '0.3i']",,"China, Macao SAR"
,"['78', '79.8', '81.1b']",,,,"['27.3 /        9.7', '24.5 /       11.5', '21.9 /       13.6a']",,"['3 672.4l', '6 520.6', '9 822.2d']",,"['7.1', '7.5', '7.6m']","['1.6', '3.5', '3.8m']","['4.8', '4.5', '4.5b']","['119.3 /      121.3', '113.4 /      117.0', '112.1 /      115.9b']","['102.3 /       93.0', '98.1 /       91.5', '103.4 /       98.4b']","['87.0 /       72.6', '85.2 /       72.0', '87.6 /       77.0b']","['34.2', '26.9', '25.3m']","['8.4', '19.9', '18.8n']",Colombia
,"['28', '28.5', '29.2b']",,,,"['41.0 /        4.5', '40.1 /        4.7', '38.7 /        5.2a']",,"['~0.0h,i', '...', '...']",,,"['0.2k', '0.2l', '...']","['4.4m', '2.5', '...']","['104.1 /      113.0m', '101.2 /      108.6n', '99.4 /       99.6c']","['... / ...', '63.1 /       59.1n', '61.4 /       57.6c']","['... / ...', '55.1 /       50.0n', '47.8 /       42.9c']",,"['3', '3n', '16.7o']",Comoros
,"['63.3', '65.5', '67.4b']",,,,"['41.6 /        4.0', '42.2 /        4.2', '41.0 /        4.6a']",,"['138.7j', '65.8', '186.7d']",,"['2', '3.4', '2.1k']","['0.1', '0l', '0.1g']","['6.2', '4.6e', '3.5e,k']","['106.1 /      112.2', '110.5 /      102.8m', '92.4 /       95.0k']","['... / ...', '48.8 /       56.3m', '... / ...']","['... / ...', '26.7 /       46.9m', '... / ...']",,"['7.3', '7.4', '11.3n']",Congo
,"['73.3', '74.4', '75.3c']",,,,,,,,,"['1.3u', '1.4v', '...']","['...', '3.9', '4.4w']","['85.4 /       89.8', '99.8 /      104.2', '112.7 /      117.4c']","['86.4 /       78.3', '90.6 /       85.4', '98.1 /       94.6c']","['77.8 /       61.7', '82.7 /       71.5', '79.4 /       74.5c']","['...', '3.5x', '...']",,Cook Islands
,"['71.7', '76.9', '80.1b']",,,,"['24.3 /       10.8', '22.1 /       12.6', '20.6 /       15.6a']",,"['19.9n', '7.9', '121.9d']",,"['8.1', '7.8o', '7.6o,p']","['2.3', '1.4', '2.9p']","['6.6', '7.1', '7b']","['115.7 /      118.0', '111.0 /      111.6', '116.6 /      115.8b']","['103.2 /       99.0', '125.3 /      120.4', '146.6 /      136.3b']","['82.2 /       70.6', '118.2 /       99.9', '155.4 /      132.3b']","['11.5', '11.5', '11.3p']","['36.8', '33.3', '45.6q']",Costa Rica
,"['55.2', '56.2', '57.2b']",,,,"['15.4 /       23.8', '14.5 /       26.3', '14.5 /       28.7a']",,"['25.5k', '17.5', '8.1d']",,"['8.1', '6.8', '6.8l']","['2.8', '3.2', '3m']","['4.2', '4.6n', '3.9o']","['92.0 /       91.9', '100.6 /      100.6', '94.8 /       94.5l']","['103.4 /       96.6', '101.0 /       96.5', '102.5 /       97.8l']","['98.9 /       88.3', '94.4 /       89.8', '92.9 /       88.2l']","['1.4', '0.9', '0.6l']","['23.5', '25.8', '31.1p']",Croatia
,"['76.6', '76.9', '77.1b']",,,,"['17.7 /       17.3', '16.7 /       19.4', '15.7 /       22.0a']",,"['0.4h', '0.3', '0.3e']",,"['10.7', '12.8', '11.2i']","['6.8', '7.8', '8.4i']","['12.8', '...', '...']","['100.2 /      102.6', '96.5 /      102.3', '101.0 /      104.6b']","['92.4 /       92.1', '99.1 /       96.7', '100.9 /       99.8b']","['91.1 /       88.8', '101.2 /       91.4', '110.9 /      102.3b']","['4.5', '5.5', '5j']","['43.2', '48.9', '53.4k']",Cuba
,"['89.9', '89.4', '89.1b']",,,,"['20.7 /       18.6', '19.8 /       21.6', '17.8 /       25.2a']",,"['~0.0q', '0.1', '17.1f']",,,,"['...', '4.9m', '...']","['... / ...', '157.7 /      164.2m', '... / ...']","['... / ...', '90.8 /       83.8m', '... / ...']","['... / ...', '86.1 /       76.8m', '... / ...']","['19r', '...', '...']",,Curaçao
,,,,,,,"['8.8o', '14.1', '36.6e']",,"['6.5', '6.9', '6.8p,d']","['2.2', '2.6', '2q']","['6.5', '6.3', '5.8r']",,,,"['0.7', '1.3', '1.3d']","['12.5', '12.5', '21.4s']",Cyprus
"['0.5', '0.1', '0.2c']","['73.3', '73.5', '73.9b']","['0.4', '0.2', '...']","['1.4', '1.5', '1.6c']","['80.1 /       73.8', '81.2 /       75.1', '81.8 /       76.5c']","['14.2 /       22.4', '15.1 /       24.9', '15.8 /       26.3a']","['398.5 /        3.8', '416.5 /        3.9', '540.9 /        5.1c']","['3.5k', '5', '5.3c']","['3.1', '2.5', '2.3c']","['6.9', '7.2', '7.6l']","['3.6', '4', '4.1b']","['4.1', '5.8', '3.9m']","['103.6 /      104.0', '99.7 /       99.3', '100.8 /      100.2l']","['94.9 /       94.4', '105.6 /      104.6', '102.5 /      102.1l']","['92.9 /       91.6', '110.2 /      108.0', '108.1 /      107.2l']","['1', '0.8', '0.6m']","['15.5', '19', '23n']",Czechia
"['2.2', '2.5', '2.5f']","['47.3', '49.4', '51.2b']","['3', '3.4', '...']","['5.2', '5', '4.7f']","['53.0 /       50.0', '55.9 /       53.5', '58.6 /       56.1f']","['43.6 /        4.5', '42.6 /        4.6', '41.4 /        4.7a']",,"['564.5l', '726.8', '957.7f']","['77.2', '67.5', '60.4f']","['6.1', '4.4', '4.2e']","['0.1m', '0.2n', '0.2b']","['4.6', '3.5g', '3.3e']","['64.1 /       79.5o', '84.9 /       96.4', '97.2 /      103.4b']","['... / ...', '35.1 /       49.9', '48.3 /       60.9b']","['... / ...', '21.6 /       32.4', '28.3 /       39.7b']",,"['8.9', '9.2', '11.4p']",Côte d’Ivoire
,"['60.4', '61.3', '62.1b']",,,,"['22.6 /       12.9', '20.9 /       12.7', '19.8 /       15.4a']",,,,,"['3.3g', '3.5h', '3.7i']",,"['99.4 /       99.4j', '... / ...', '89.3 /       89.3k']","['... / ...', '92.9 /       91.7', '... / ...']","['... / ...', '94.9 /       93.1', '95.4 /       93.4k']",,"['15.6', '16.3', '17.6l']",Democratic People's Republic of Korea
,"['40', '42.7', '45b']",,,,"['46.1 /        4.7', '46.3 /        4.7', '45.6 /        4.7a']",,"['2 363.9i', '2 001.0', '6 229.7c']",,"['3.7', '4', '3.3j']","['0.1k', '0.1l', '...']","['1.5', '2.2', '1.5e,m']","['93.0 /      106.9', '107.6 /      108.4', '114.7 /      122.2j']","['30.1 /       52.2', '36.0 /       56.3', '... / ...']","['24.2 /       46.4', '29.5 /       47.6', '... / ...']",,"['8.4', '8.9', '12.8n']",Democratic Republic of the Congo
,"['86.8', '87.5', '88d']",,,,,,"['24.5o', '27.3', '47.6f']",,"['10.3', '10.2', '10.1p']","['3.7', '3.9', '4.2p']","['8.6', '7.6q', '7.8r']","['99.7 /       99.5', '100.8 /      102.1', '100.5 /      100.6p']","['120.0 /      119.0', '133.4 /      127.3', '129.7 /      129.8p']","['121.8 /      121.5', '148.1 /      137.6', '139.3 /      136.9p']","['0.8', '1.1', '1p']","['38', '38', '39.7s']",Denmark
,"['77', '77.4', '77.9b']",,,,"['32.6 /        6.1', '30.6 /        6.5', '28.6 /        7.6a']",,"['15.8h', '17.4', '31.1d']",,,"['0.2k', '0.2l', '...']","['4.5', '3.6e', '3.6e,j']","['58.5 /       58.9m', '72.8 /       67.9', '72.2 /       75.3d']","['31.1 /       38.5m', '45.3 /       48.0', '55.6 /       54.0d']","['19.8 /       26.8m', '37.2 /       41.9', '43.3 /       43.3d']",,"['13.8', '12.7', '26.2n']",Djibouti
,"['68.1', '69.6', '70.8b']",,,,,,"['...', '...', '~0.0e']",,,"['...', '...', '1.1d']","['...', '3.4', '5.6b']","['101.8 /      103.6', '115.2 /      117.1', '98.7 /      102.0b']","['93.0 /       85.1', '93.8 /       94.7', '102.2 /       99.9b']","['88.5 /       63.9', '80.1 /       71.7', '94.4 /       78.7b']","['21.2', '12.6', '26.6h']","['14.3', '21.9', '34.4i']",Dominica
,"['73.8', '78.6', '81.8b']",,,,"['30.6 /        8.5', '28.8 /        9.6', '27.2 /       11.4a']",,"['2.4n', '135.1o', '31.1d']",,"['5.6', '5.8', '5.7p']","['1.1q', '1.5r', '1.5b']","['2s', '...', '...']",,,,"['25.5', '17.8t', '10p']","['19.7', '20.8', '27.9u']",Dominican Republic
"['1.6', '1.5', '1.7c']","['62.7', '63.4', '64b']","['2', '1.8', '...']","['2.7', '2.6', '2.4c']","['77.6 /       71.7', '78.5 /       72.8', '79.6 /       74.0c']","['31.0 /        8.6', '29.1 /        9.8', '27.2 /       11.3a']","['375.3 /        2.5', '387.5 /        2.4', '784.8 /        4.4c']","['171.1k', '133.1k', '498.9c']","['19.1', '15.1', '13.6c']","['7.1', '8.6', '8.1l']","['2.1', '2.1', '2.2m']","['4.5', '5', '...']","['113.2 /      112.9', '107.9 /      107.4', '104.1 /      102.4l']","['94.5 /       90.3', '106.2 /      102.0', '102.8 /      100.1l']","['82.9 /       76.5', '98.5 /       93.3', '99.6 /       95.6l']","['17.5', '6.5', '5.8l']","['32.3', '41.6', '39.4n']",Ecuador
,"['43', '42.8', '42.7b']",,,,"['32.6 /        7.6', '33.3 /        7.7', '33.8 /        8.4a']",,"['109.9l', '256.4', '328.8d']",,"['4.2', '5.3', '4.9m']","['...', '0.8', '0.7b']","['3.8n', '...', '...']","['100.7 /      103.7', '103.7 /      104.0o', '106.9 /      106.0b']","['67.9 /       69.8', '80.6 /       81.0o', '89.0 /       89.9b']","['46.6 /       49.7', '66.5 /       68.0o', '76.9 /       78.2b']","['2.2', '2.6p', '...']","['...', '...', '27.4q']",Egypt
,"['65.5', '69.7', '72.7c']",,,,"['31.6 /        9.9', '28.4 /       11.0', '26.3 /       12.3a']",,"['0.1n', '~0.0', '72.8j']",,,"['1.9q', '...', '2.9p']","['4', '3.9', '3.6p']","['112.3 /      117.6', '100.4 /      104.8', '93.3 /       96.3p']","['69.0 /       69.3', '75.6 /       75.0', '71.4 /       71.9p']","['47.3 /       46.6', '58.6 /       55.9', '57.7 /       56.3p']","['64.5', '105.2', '52p']","['19', '27.4', '33.3r']",El Salvador
,"['65.9', '70.6', '72.6b']",,,,"['38.5 /        4.4', '37.5 /        4.1', '36.8 /        3.7a']",,,,,"['...', '...', '0.4j']",,"['68.9 /       69.8', '61.6 /       62.0', '... / ...']","['22.1 /       29.9k', '... / ...', '... / ...']","['5.6 /       13.3k', '... / ...', '... / ...']",,"['10', '24', '23l']",Equatorial Guinea
,"['35.2', '38.2', '40.7b']",,,,"['39.5 /        6.2', '42.3 /        6.5', '40.7 /        6.4a']",,"['5g', '3', '0.2c']",,,,"['2.1i', '...', '...']","['76.9 /       90.2', '70.4 /       81.7', '63.1 /       73.6h']","['45.1 /       58.8', '47.5 /       56.0', '45.4 /       49.9h']","['28.1 /       39.5', '36.5 /       42.8', '29.6 /       31.3h']",,"['22', '22', '22b']",Eritrea
,"['68.1', '68.4', '69.1b']",,,,"['15.1 /       23.2', '16.1 /       25.1', '16.5 /       27.2a']",,"['101k', '86.8', '74.6c']",,"['6.3', '6.3', '6.7l']","['3.2', '3.4', '0l']","['5.5', '5.1', '5m']","['102.2 /      103.8', '97.1 /       97.1', '97.8 /       97.5l']","['105.3 /      105.2', '110.8 /      111.3', '118.3 /      115.0l']","['109.1 /      105.6', '116.1 /      113.1', '134.5 /      127.9l']","['5.3', '3.4', '2.1l']","['22.8', '19.8', '27.7n']",Estonia
,"['22.5', '23.3', '24b']",,,,"['40.2 /        5.6', '39.1 /        5.7', '37.0 /        5.7a']",,"['0.8m', '0.9', '2e']",,"['8.6', '7', '6.5d']","['0.2n', '0.1o', '0.1p']","['6.1', '7.1q', '...']","['118.8 /      131.0', '113.5 /      124.9', '110.1 /      119.3d']","['63.7 /       67.3', '76.0 /       76.0', '82.2 /       82.6p']","['49.5 /       53.9', '61.7 /       62.1', '71.4 /       73.0p']","['19.5', '10.1', '11.6r']","['13.6', '6.2', '9.6s']",Eswatini
,"['17.3', '19.4', '21.2b']",,,,"['44.9 /        5.1', '42.2 /        5.2', '39.6 /        5.3a']",,"['155.4h', '705.7', '2 519.3c']",,"['5.5', '3.8', '3.3i']","['~0.0j', '...', '0.1i']","['4.5', '4.7', '...']","['88.0 /       95.2', '96.1 /      105.8', '... / ...']","['31.6 /       38.0', '34.2 /       35.6', '... / ...']","['13.4 /       19.1', '17.4 /       17.7', '... / ...']","['...', '8.8k', '...']","['21.9', '27.8', '38.8l']",Ethiopia
,,,,,,,,,,,,,,,,,Falkland Islands (Malvinas)
,"['40.9', '41.6', '42.2b']",,,,,,,,,,,,,,,,Faroe Islands
,"['52.2', '54.7', '56.8b']",,,,"['29.0 /        7.9', '29.8 /        8.1', '28.9 /       10.0a']",,"['~0.0m', '~0.0', '~0.0d']",,"['3.4', '3.3', '3.4n,c']","['0.4o', '0.9', '...']","['4.5o', '3.9p', '...']","['104.0 /      105.6o', '105.5 /      107.9', '114.2 /      118.6b']","['90.7 /       82.9o', '94.3 /       85.7q', '... / ...']","['75.3 /       63.8o', '81.9 /       71.9q', '... / ...']","['2.3', '2.3r', '...']","['8.5s', '14', '21.6t']",Fiji
,,,,,,,"['14m', '16.3', '33.3e']",,"['9.1', '9.6', '9n']","['3.3', '3.3', '4.6n']","['6.5', '7', '6.4o']","['99.1 /       99.8', '100.3 /      100.8', '99.9 /      100.5n']","['110.1 /      105.2', '157.5 /      142.9', '162.6 /      147.4n']","['120.5 /      110.2', '210.2 /      181.8', '222.0 /      189.7n']","['2.2', '1.5', '1.6n']","['40', '42.5', '46p']",Finland
,"['78.4', '79.7', '80.7b']",,,,"['18.5 /       23.1', '18.4 /       25.0', '17.5 /       27.2a']",,"['250.4m', '320.1', '524.9c']",,,"['6.5', '6.4', '6.5o']","['...', '...', '5.5p']",,,,"['1.3', '1.6', '1.2o']","['18.9', '26.2', '39.5q']",France
,"['82.9', '84.5', '85.6b']",,,,"['34.9 /        6.6', '33.5 /        7.3', '31.7 /        9.1a']",,,,,,,,,,"['13.2n', '...', '...']",,French Guiana
,"['60.3', '61.7', '61.9c']",,,,"['25.5 /        9.3', '23.6 /       11.4', '22.0 /       14.1a']",,,,,,,,,,"['0.4n', '...', '...']",,French Polynesia
,"['85.5', '88.1', '89.7b']",,,,"['37.4 /        6.0', '36.3 /        5.4', '37.4 /        5.4a']",,"['13.2j', '2.9', '0.6d']",,"['2.5', '2.7', '2.7k']","['0.1l', '...', '0.7m']","['3.1', '2.7n', '...']","['... / ...', '137.7 /      142.1o', '... / ...']",,,,"['14.7', '14.2', '16.2p']",Gabon
,"['55.7', '59.2', '61.9b']",,,,"['45.1 /        4.3', '44.5 /        4.1', '43.8 /        4.0a']",,"['8.5n', '11.8', '4.6d']",,"['4.1', '3.2', '3.1k']","['0.1o', '0.1', '0.1b']","['2.6', '2.2', '2.4i,k']","['80.8 /       78.8', '93.0 /       87.1', '106.9 /       96.5b']","['49.1 /       51.2i', '... / ...', '... / ...']","['38.2 /       44.1i', '... / ...', '... / ...']",,"['7.5', '9.4', '8.6p']",Gambia
,,,,,,,"['362.2m', '268.3', '291d']",,"['9.5', '7.9', '7.1n']","['4.4', '5', '7.1c']","['3.2i,o', '1.9p', '3.5n']","['104.1 /      102.7', '102.8 /      102.7', '99.7 /       98.9c']","['100.9 /       97.8q', '100.8 /       98.1', '106.8 /      105.9c']","['104.6 /      100.4q', '97.6 /       92.9', '105.2 /      103.6c']","['4.6', '2.7r', '2.2n']","['5.1', '11.3', '20.7s']",Georgia
,"['77', '77.2', '77.4b']",,,,"['13.6 /       26.1', '13.2 /       27.5', '14.0 /       29.1a']",,"['670.6k', '573.8', '1 421.9c']",,"['11.1l', '11.2', '11.4m']","['3.8', '4.1', '4.3m']","['4.9', '4.8', '4.9n']","['102.7 /      103.3', '101.6 /      101.7', '104.3 /      103.5m']","['101.2 /      106.7', '96.4 /      101.1', '94.6 /      100.4m']","['100.8 /      113.9', '96.0 /      106.7', '90.0 /      101.6m']","['1', '0.8', '0.9m']","['32.8', '36.5', '31.5o']",Germany
,"['50.7', '54.1', '56.7b']",,,,"['39.3 /        4.6', '38.2 /        4.8', '36.9 /        5.4a']",,"['14.8l', '21.3', '13.3c']",,"['4.7', '4.6', '3.5m']","['0.1', '0.1', '0.1b']","['5.5', '4.5h', '4h,m']","['99.5 /      101.1n', '108.3 /      108.4', '105.6 /      104.1b']","['45.7 /       51.7n', '66.1 /       69.6', '74.6 /       74.7b']","['23.6 /       29.0n', '45.8 /       50.9', '62.1 /       64.4b']","['1.7', '1.9', '2.1o']","['8.3', '10.9', '14.6p']",Ghana
"['0.2', '0.1', '-~0.0d']","['100', '100', '100b']","['0.7', '0.6', '...']",,,,,,,,,,"['112.8 /      110.9j', '... / ...', '108.9 /      106.6b']","['83.2 /       85.2j', '... / ...', '90.6 /       95.2b']","['79.8 /       83.7j', '... / ...', '85.2 /       90.3b']","['3', '...', '...']",,Gibraltar
,"['76.3', '78', '79.4b']",,,,"['15.1 /       24.8', '14.6 /       26.5', '13.4 /       29.2a']",,"['57.4l', '37.6', '177.5d']",,"['9.5', '8m', '7.7n']","['5.9', '6', '6.2n']","['4o', '...', '...']","['97.4 /       99.6', '99.1 /      100.0', '99.5 /       99.2n']","['104.4 /      108.1', '98.4 /      105.8', '102.1 /      107.6n']","['106.2 /      107.6', '99.4 /      109.1', '105.0 /      111.6n']","['1.6', '0.9', '0.9n']","['17.3', '23', '21.7p']",Greece
,"['84.4', '86.1', '87.1b']",,,,,,,,,,,,,,"['19.4', '7.1', '5.3t']",,Greenland
"['0.3', '0.6', '0.5f']","['35.9', '36', '36.4b']","['0.3', '0.5', '...']","['2.3', '2.2', '2.1f']","['75.7 /       70.6', '75.2 /       70.3', '75.0 /       70.1f']","['24.0 /       13.3', '23.2 /       13.5', '23.8 /       15.2a']",,"['~0.0j', '...', '~0.0f']","['12.3', '13.7', '15f']",,"['0.7k', '...', '1.4e']","['...', '...', '3.2l']","['113.9 /      119.1', '116.3 /      120.6', '106.0 /      107.7e']","['118.6 /      114.9', '110.7 /      112.8', '122.1 /      118.2e']","['107.1 /       85.2', '113.4 /      103.3', '119.2 /      110.3e']","['9.4', '5.5', '10.8l']","['13.3', '33.3', '46.7m']",Grenada
,,,,,"['22.5 /       19.1', '20.4 /       22.7', '18.2 /       26.8a']",,,,,,,,,,"['8.9m', '9.7', '5.8n']",,Guadeloupe
,"['94.1', '94.5', '94.9b']",,,,"['27.5 /       11.1', '25.5 /       13.1', '23.6 /       15.7a']",,,,,,,,,,"['1.9', '2.5h', '...']",,Guam
,"['48.4', '50', '51.4b']",,,,"['39.4 /        6.1', '36.2 /        6.7', '32.9 /        7.3a']",,"['0.1l', '0.3', '28.8c']",,"['6.1', '5.9', '5.7m']","['0.9n', '...', '0.4m']","['2.8', '3', '3.2b']","['114.3 /      116.6', '99.9 /      103.1', '100.7 /      103.0b']","['50.7 /       53.9', '52.6 /       55.8', '50.1 /       52.1b']","['35.3 /       34.9', '37.2 /       36.1', '37.0 /       34.5b']","['40.7', '29.4', '22.5m']","['12', '13.3', '19.4o']",Guatemala
,"['33.7', '35.1', '36.5b']",,,,"['46.2 /        4.6', '45.0 /        4.7', '42.7 /        4.7a']",,"['15i', '9', '8.7d']",,"['3.4', '5.8', '3.9j']","['0.1k', '0.1', '0.1l']","['2.6', '2.5', '2.3j']","['76.0 /       92.3', '85.0 /      100.4m', '82.4 /      100.5l']","['24.6 /       43.1n', '31.0 /       47.5m', '... / ...']","['16.0 /       32.5n', '24.2 /       38.5m', '... / ...']",,"['19.3n', '21.9', '16.7o']",Guinea
,"['40.1', '42.1', '43.8b']",,,,"['43.1 /        4.3', '42.7 /        4.5', '41.7 /        4.6a']",,"['8i', '8.8', '1.6d']",,,"['0.1k', '0.2', '0.1l']","['1.9', '2.1m', '...']","['114.5 /      122.9', '... / ...', '... / ...']",,,"['...', '2.8', '1.1n']","['10', '13.7', '13.7o']",Guinea-Bissau
,"['26.6', '26.4', '26.7b']",,,,"['32.2 /        7.3', '29.3 /        8.8', '27.5 /       11.3a']",,"['~0.0m', '~0.0', '23.4d']",,,"['0.7', '...', '1.8c']","['3.6', '5.2', '5.5i,c']","['95.0 /       97.9', '96.0 /       99.6n', '... / ...']","['91.9 /       88.4', '99.2 /       96.3n', '... / ...']","['74.0 /       69.6', '90.0 /       83.8n', '... / ...']","['18.7', '19.4', '14.2c']","['30', '31.3', '35.7o']",Guyana
,"['47.5', '52.4', '56.2b']",,,,"['36.3 /        6.5', '34.4 /        7.1', '32.1 /        7.9a']",,"['~0.0h', '~0.0', '~0.0c']",,"['8.1i', '8.6', '7.7j']","['...', '0.1', '0.2j']","['...', '3.2', '2.8j']",,,,"['6.8', '10', '6.7j']","['4.1', '4.2', '2.5k,l,c']",Haiti
,"['100', '100', '100d']",,,,,,,,,,,,,,"['0', '0', '...']",,Holy See
,"['51.9', '55.2', '57.7b']",,,,"['37.6 /        5.8', '33.7 /        6.5', '30.1 /        7.6a']",,"['~0.0h', '~0.0', '249.2c']",,"['8.7', '7.5', '7i']","['0.3', '...', '0.3j']","['...', '6.4', '6.1i']","['100.7 /      100.6', '92.5 /       93.0', '91.5 /       91.4b']","['72.8 /       59.1', '55.4 /       46.2', '70.2 /       62.4b']","['76.7 /       55.0', '43.9 /       32.5', '63.9 /       50.6b']","['75', '56.5', '38.9i']","['18', '25.8', '21.1k']",Honduras
"['-0.3', '-0.3', '-0.2c']","['68.9', '70.5', '71.6b']","['0.4', '0.2', '...']","['1.3', '1.3', '1.5c']","['77.8 /       69.6', '78.7 /       71.6', '80.1 /       73.0c']","['14.9 /       22.1', '14.4 /       25.0', '14.5 /       26.9a']",,"['5.8j', '28.8', '6c']","['5.7', '5', '4.1c']","['7.5k', '6.9k', '6.7l']","['2.9', '3.1', '3.4l']","['4.8', '4.5', '4.7m']","['100.5 /      101.2', '102.2 /      102.5', '96.4 /       97.1l']","['96.4 /       97.7', '103.3 /      102.7', '103.7 /      104.1l']","['96.7 /       96.8', '107.6 /      105.4', '106.6 /      106.5l']","['1.4', '2.3', '2.5m']","['11.1', '10.1', '12.6n']",Hungary
,"['93.6', '93.7', '93.9b']",,,,"['20.8 /       16.9', '20.3 /       19.1', '19.2 /       22.1a']",,"['0.2k', '0.4', '1.3d']",,"['8.5', '8.1', '8.5c']","['3.6', '3.8', '4.1b']","['7', '7.5', '7.7l']","['99.6 /       99.0', '98.6 /       98.7', '100.3 /      100.6c']","['108.2 /      106.5', '119.6 /      118.6', '117.3 /      118.6c']","['118.1 /      114.2', '132.9 /      131.7', '130.0 /      132.2c']","['0.6', '0.9', '0.9c']","['42.9', '41.3', '39.7m']",Iceland
,"['30.9', '32.8', '34.5b']",,,,"['30.8 /        7.8', '28.4 /        8.9', '25.8 /       10.4a']",,"['193.7m', '205.8', '241.3d']",,,"['0.7', '0.7', '0.9b']","['3.4', '3.8p', '...']","['110.7 /      107.7i', '114.8 /      102.8', '97.8 /       95.9b']","['61.1 /       64.9', '74.7 /       73.1', '74.5 /       73.1b']","['47.4 /       52.5', '62.6 /       64.2', '65.9 /       66.3b']","['3.8', '3.4', '3.1o']","['10.8', '12', '14.4q']",India
,"['49.9', '53.3', '56b']",,,,"['28.8 /        7.5', '27.5 /        8.5', '25.6 /       10.4a']",,"['2.9m', '13.2', '13.5d']",,"['3', '3', '2.9n']","['0.2', '0.3', '0.5b']","['2.8', '3.6', '...']","['111.0 /      107.4', '104.4 /      107.4', '104.6 /      108.1n']","['76.7 /       76.2', '86.3 /       86.0', '90.0 /       87.8n']","['63.1 /       64.5', '74.4 /       77.8', '81.9 /       78.7n']","['0.4', '0.6', '0.4o']","['18', '17.1', '21p']",Indonesia
"['1.1', '1.2', '1.4d']","['70.6', '73.4', '75.4c']","['2', '2', '...']","['1.8', '1.9', '2.2d']","['74.6 /       71.0', '76.2 /       74.0', '77.6 /       75.3d']","['24.0 /        7.5', '23.9 /        8.9', '24.8 /       10.6a']",,"['1 085.3l', '979.5', '979.5d']","['19.1', '15.2', '12.8d']","['6.8', '7.8', '8.7m']","['0.5n', '1.2', '1.6m']","['3.7', '2.8', '4m']","['99.6 /      101.7', '112.3 /      105.7', '113.9 /      107.7o']","['78.0 /       83.2', '83.0 /       88.7', '84.7 /       87.9o']","['70.4 /       74.5', '77.3 /       83.3p', '76.3 /       79.3o']","['3q', '2.5p', '...']","['2.8', '3.1', '5.6r']",Iran (Islamic Republic of)
,"['69.1', '69.9', '70.7b']",,,,"['41.8 /        4.8', '39.3 /        5.1', '37.3 /        5.1a']",,"['1 796.3i', '4 311.7', '1 836.7c']",,"['3.2', '3.1', '4.1j']","['0.7', '1k', '0.7j']",,"['99.1 /      117.8l', '... / ...', '... / ...']","['46.0 /       61.4l', '... / ...', '... / ...']","['35.3 /       44.8l', '... / ...', '... / ...']","['9', '10.1m', '...']","['25.5', '26.5', '26.4n']",Iraq
,"['61.5', '62.5', '63.4b']",,,,"['20.8 /       15.9', '21.9 /       17.9', '20.5 /       20.0a']",,"['14.2k', '10.5k', '15.8c']",,"['10.5', '7.3', '6.9l']","['4.1', '3.2', '3.4b']","['6', '3.8', '3.5m']",,,,"['1.2', '0.7', '0.9l']","['13.9', '16.3', '22.5n']",Ireland
,"['52', '52.2', '52.7b']",,,,,,,,,,,,,,"['...', '1.2', '0o']",,Isle of Man
,"['91.8', '92.2', '92.5b']",,,,"['27.3 /       14.9', '27.9 /       15.8', '27.7 /       16.6a']",,"['31.1m', '45.2', '56.5e']",,"['7', '7.1', '7.5n']","['7', '6.7', '5.5b']","['5.5', '5.9', '6.1o']","['105.7 /      105.2', '106.0 /      105.3', '105.2 /      104.2n']","['104.5 /      102.0', '104.2 /      103.2', '106.5 /      104.7n']","['103.9 /      101.5', '102.6 /      101.0', '105.5 /      103.4n']","['2', '1.4', '1.5o']","['19.2', '22.5', '26.7p,q']",Israel
,"['68.3', '69.6', '70.7b']",,,,"['14.1 /       26.7', '13.7 /       28.0', '12.8 /       30.3a']",,"['61.3l', '142.6', '284.3d']",,"['8.9', '8.9', '8.7m']","['7.6', '7.7', '8b']","['4.3', '4.1', '4n']","['102.5 /      103.5', '100.2 /      100.6', '99.5 /      102.9m']","['102.4 /      103.4', '102.1 /      102.4', '100.6 /      102.0m']","['99.9 /       99.9', '100.9 /      100.2', '100.1 /      100.2m']","['0.9', '0.8', '0.6m']","['21.3', '31', '35.7o']",Italy
,"['53.7', '54.8', '56b']",,,,"['27.0 /       11.4', '24.6 /       11.9', '23.1 /       13.6a']",,"['~0.0h', '~0.0', '0.1c']",,,"['0.4j', '0.4', '0.5k']","['6.4', '5.5', '5.2b']","['90.8 /       90.4l', '... / ...', '... / ...']","['95.5 /       88.2', '83.8 /       78.2', '86.1 /       84.6b']","['102.8 /       86.0', '78.6 /       74.0', '84.9 /       82.5b']","['51.5', '41.8', '43.9i']","['13.3', '12.7', '28.6m']",Jamaica
"['~0.0', '-0.1', '-0.2e']","['90.8', '91.4', '91.7c']","['1.1', '~0.0', '...']","['1.3', '1.4', '1.4e']","['86.0 /       79.2', '86.5 /       80.0', '87.5 /       81.3e']","['13.4 /       30.3', '13.0 /       32.8', '12.3 /       34.6a']","['2 134.2 /        1.7', '2 232.2 /        1.7', '2 771.0 /        2.2e']","['7k', '13.8g', '30.6g,e']","['2.6', '2.2', '1.8e']","['9.2', '10.9', '11l']","['2.2', '2.3m', '2.5l']","['3.6', '3.6m', '3.2n']",,,,"['0.4', '0.3', '0.3l']","['11.2', '9.5', '9.9o']",Japan
,"['86.1', '90.3', '91.2b']",,,,"['37.5 /        5.4', '36.0 /        5.5', '32.1 /        6.3a']",,"['453.2m', '684.8', '748.3c']",,"['8.4', '7.6', '7.8n']","['2.2', '2.8', '2.3o']","['...', '...', '3.1b']","['81.1 /       82.7', '79.1 /       79.9p', '81.1 /       82.5b']","['81.6 /       78.6', '70.3 /       68.0p', '66.0 /       64.4b']","['71.9 /       63.1', '65.7 /       58.5p', '56.8 /       51.3b']","['1.6', '1.6', '1.4o']","['6.4', '12', '11.5q']",Jordan
"['1.1', '1.6', '1.3c']","['56.8', '57.2', '57.5b']","['1.2', '1.7', '...']","['2.5', '2.7', '2.8c']","['71.9 /       60.6', '73.9 /       64.3', '77.4 /       68.8c']","['24.1 /        9.9', '26.7 /       10.7', '29.2 /       12.6a']","['3 334.9 /       20.5', '3 546.1 /       20.2', '3 732.1 /       19.9c']","['12.7k', '7.8', '8.5c']","['23.9', '14.1', '7.7c']","['2.7', '3', '2.9l']","['3.9', '4m', '...']","['3.1n', '2.8', '2.9b']","['109.1 /      108.5', '111.7 /      111.5', '100.2 /      100.4c']","['98.8 /       98.2', '112.2 /      108.5', '103.8 /      103.7c']","['95.2 /       92.1', '109.0 /       99.8', '112.4 /      112.6c']","['8.5', '4.9', '5.1o']","['17.8', '26.2', '27.1p']",Kazakhstan
"['2.8', '2.6', '2.3c']","['23.6', '25.7', '27.5b']","['4.4', '4.4', '...']","['4.6', '4.1', '3.5c']","['60.3 /       56.7', '65.2 /       60.6', '68.5 /       63.8c']","['43.4 /        3.2', '41.4 /        3.6', '38.0 /        4.3a']","['954.9 /        2.3', '1 126.9 /        2.4', '1 050.1 /        2.0c']","['751k', '613.8', '513.4c']","['51.1', '41.6', '36.3c']","['6.1', '5.2', '5.2l']","['0.2', '0.2m', '0.2l']","['5.5', '5.3', '5.3h,l']","['102.7 /      105.1n', '103.6 /      103.7', '103.4 /      103.0o']","['53.7 /       59.9n', '... / ...', '... / ...']","['39.1 /       45.1n', '... / ...', '... / ...']","['4.6', '4.7', '4.9l']","['9.8', '19.7', '21.6p']",Kenya
,"['47.4', '51.6', '54.8c']",,,,"['36.1 /        5.5', '35.0 /        5.7', '35.8 /        7.0a']",,,,,"['0.4', '0.2n', '...']",,"['113.2 /      107.2o', '106.6 /      104.5', '104.9 /       97.9p']","['91.4 /       82.7q', '... / ...', '... / ...']","['81.4 /       67.5q', '... / ...', '... / ...']","['3.9', '7.5r', '...']","['4.3', '8.7', '6.7s']",Kiribati
,"['100', '100', '100b']",,,,"['23.2 /        3.4', '21.2 /        4.2', '21.1 /        7.1a']",,"['96.5j', '94.6', '93.8d']",,"['2.8', '4', '5k']","['2.4', '2.6', '...']","['3.8e,l', '...', '...']","['101.2 /      103.2', '104.3 /      101.0', '94.8 /       82.3b']","['98.8 /       97.0', '101.0 /       94.9', '... / ...']","['92.9 /       86.4', '100.8 /       86.5m', '... / ...']","['2', '1.8m', '...']","['7.7', '1.5', '1.5n']",Kuwait
"['1.3', '1.9', '1.8c']","['35.3', '35.8', '36.6b']","['1.3', '1.8', '...']","['2.8', '3.3', '3c']","['71.7 /       63.5', '74.3 /       66.4', '75.4 /       67.2c']","['29.9 /        6.4', '31.5 /        7.0', '32.6 /        8.4a']","['232.1 /        4.3', '204.4 /        3.4', '199.0 /        3.1c']","['304.2k', '14.3', '0.6c']","['30.2', '19.5', '15.5c']","['7', '7.1', '6.5l']","['2.3', '2.2m', '...']","['5.8', '6', '6n']","['99.1 /       99.8', '105.0 /      105.8', '105.4 /      106.7b']","['87.4 /       87.7', '91.7 /       90.5', '96.3 /       96.4b']","['73.7 /       72.8', '84.4 /       79.2', '83.0 /       80.8b']","['16.8', '5.1', '2.2l']","['25.6', '23.3', '17.1o,p']",Kyrgyzstan
,"['30.1', '33.1', '35.6b']",,,,"['36.4 /        5.6', '33.6 /        6.1', '31.6 /        7.0a']",,"['...', '...', '~0.0c']",,,"['0.2p', '0.5q', '0.4r']","['1.7', '2.9q', '...']","['117.9 /      128.9', '111.3 /      116.6', '98.3 /      101.8b']","['42.3 /       51.5', '60.7 /       66.1', '63.6 /       67.9b']","['28.4 /       35.2', '42.6 /       47.8', '49.3 /       55.2b']",,"['25.2', '25', '27.5s']",Lao People's Democratic Republic
"['-1.2', '-1.2', '-1.1c']","['67.8', '68', '68.2b']","['-1.3', '-1.2', '...']","['1.5', '1.5', '1.7c']","['77.0 /       66.0', '78.8 /       69.0', '79.8 /       69.9c']","['14.1 /       23.6', '15.1 /       25.6', '16.8 /       28.0a']",,"['327j', '263.2', '217.5c']","['7.8', '5.2', '3.3c']","['6.1', '5.7', '6.2k']","['3.1', '3.2', '3.3k']","['5.1', '5.3', '4.4l']",,,,"['3.3', '3.4', '4.4k']","['22', '18', '29m']",Latvia
,"['87.3', '88.1', '88.8b']",,,,"['25.8 /        9.2', '27.3 /        9.6', '24.5 /       11.7a']",,"['9.5m', '1 189.1', '908.8e']",,"['7.4', '7.7', '8.4n']","['2.3', '2.1', '2.1n']","['1.6', '2.4o', '...']",,,,"['3.3', '3.5', '2.5n']","['3.1', '3.1', '4.7p']",Lebanon
,"['24.8', '26.9', '28.6b']",,,,"['34.9 /        7.0', '33.4 /        7.2', '32.1 /        7.6a']",,"['...', '~0.0', '0.3d']",,,"['0.1', '...', '...']","['12.1m', '...', '7c']","['122.1 /      127.4', '113.7 /      119.6', '117.8 /      124.1n']","['65.4 /       47.1', '69.7 /       51.8', '71.3 /       52.8n']","['39.5 /       29.2', '53.6 /       39.9', '51.1 /       35.7n']","['38.3', '43.6', '...']","['24.2', '26.7', '23.3o']",Lesotho
,"['47.8', '49.8', '51.6b']",,,,"['43.0 /        5.0', '42.1 /        5.0', '40.0 /        5.3a']",,"['26.6i', '40.4', '8.2c']",,,"['~0.0', '~0.0', '...']","['1.7k', '2.3d,l', '2.6d,e']","['96.5 /      108.0m', '90.2 /      100.3', '84.7 /       85.5n']","['... / ...', '32.9 /       42.8', '... / ...']","['... / ...', '25.3 /       34.5', '... / ...']","['3.3', '3.3o', '...']","['12.5', '11', '11p']",Liberia
,"['78.1', '79.3', '80.4b']",,,,"['28.8 /        5.9', '28.9 /        6.3', '27.4 /        7.1a']",,"['11.2j', '471.7', '460.9d']",,,"['2l', '1.9', '2.1m']",,"['106.6 /      111.3n', '... / ...', '... / ...']","['106.0 /       90.2n', '... / ...', '... / ...']","['108.8 /       77.3n', '... / ...', '... / ...']",,"['7.7', '16', '16o']",Libya
,"['14.5', '14.3', '14.4b']",,,,,,"['0.1l', '0.2', '0.2d']",,,,"['2m', '2.6n', '...']",,,,"['2.8', '0', '2.6c']","['24', '20', '12p']",Liechtenstein
,"['66.8', '67.2', '67.9b']",,,,"['14.8 /       22.4', '14.6 /       24.5', '15.6 /       28.3a']",,"['4.6k', '4.7', '5.1c']",,"['6.8', '6.5', '6.6l']","['3.9', '4.3', '5b']","['5.3', '4.2', '3.8m']",,,,"['7', '5.9', '4.6l']","['19.1', '23.4', '27.7n']",Lithuania
,"['88.5', '90.2', '91.2b']",,,,"['17.6 /       19.0', '16.4 /       19.1', '15.6 /       20.3a']",,"['4.1l', '2.1', '4.5d']",,"['7', '5.3', '5.3c']","['2.8', '2.9', '3m']","['...', '3.9', '3.6m']","['98.1 /       97.1', '98.9 /       99.0', '102.0 /      104.5c']","['102.8 /       99.8', '104.2 /      100.5', '105.4 /      103.3c']","['92.3 /       88.5', '97.3 /       92.0', '99.0 /       92.2c']","['2', '0.9', '0.3m']","['20', '28.3', '31.7n']",Luxembourg
,"['31.9', '35.2', '37.9b']",,,,"['43.5 /        4.3', '41.6 /        4.6', '39.8 /        5.1a']",,"['~0.0k', '~0.0', '0.3c']",,,"['0.2', '0.2n', '...']","['2.8o', '2.2d', '2.8d,m']","['142.4 /      145.0', '147.3 /      147.3', '135.2 /      132.9b']","['29.7 /       31.6o', '38.3 /       38.7d', '35.2 /       34.0b']","['13.6 /       15.6o', '22.1 /       23.8d', '22.1 /       22.2b']",,"['7.9o', '20.5', '17.9p']",Madagascar
"['2.8', '2.8', '2.7c']","['15.5', '16.3', '17.2b']","['3.7', '3.9', '...']","['5.7', '4.9', '4.2c']","['54.0 /       48.7', '62.5 /       56.6', '66.6 /       60.3c']","['46.4 /        4.2', '45.1 /        4.0', '42.5 /        4.1a']","['217.7 /        1.5', '197.3 /        1.2', '191.4 /        1.0c']","['15.2k', '22.6', '47.7c']","['68.4', '52.6', '41.3c']","['7.2', '9.3', '9.3l']","['~0.0m', '~0.0n', '~0.0l']","['3.5', '5.6', '4.7h,l']","['140.2 /      137.3', '147.9 /      144.9', '147.0 /      142.7b']","['31.9 /       36.1', '38.9 /       42.6h', '33.6 /       40.5b']","['13.5 /       18.8', '20.6 /       24.7', '19.3 /       21.5b']","['3.6', '1.8o', '...']","['20.8', '16.7', '22.9p']",Malawi
,,,,,,,"['212.9l', '272', '188.1f']",,,"['1.2', '1.5', '...']","['5', '4.9', '4.2c']","['100.2 /       99.3', '104.1 /      103.5', '106.0 /      104.6o']","['80.2 /       74.5', '88.7 /       81.4', '87.0 /       80.7c']","['70.0 /       60.2', '86.9 /       76.2', '83.8 /       73.4c']","['1.9', '2.1p', '...']","['9.9', '10.4', '14.9q']",Malaysia
,"['36.4', '38.5', '40.2b']",,,,"['25.3 /        6.2', '21.2 /        5.8', '19.8 /        6.1a']",,,,"['8.5m,n', '8.7', '9.4c']","['1.4', '1.8o', '1.7c']","['3.6', '3.9', '3.7p']","['108.6 /      112.7q', '100.0 /      103.0', '99.3 /       96.9b']","['... / ...', '... / ...', '78.4 /       84.3b']","['... / ...', '... / ...', '43.5 /       34.5b']","['1.6', '0.7r', '...']","['6.5', '5.9', '4.6s']",Maldives
,"['36', '40', '43.1b']",,,,"['47.5 /        4.2', '47.9 /        4.0', '46.7 /        3.8a']",,"['15.3j', '148.3', '323.4d']",,"['4.7', '4.1', '3.9g']","['0.1', '0.1k', '0.1g']","['3.3', '3.8', '3.8l']","['77.0 /       89.7', '71.5 /       79.7', '71.6 /       79.5g']","['31.9 /       46.5', '36.8 /       46.5', '37.0 /       45.0g']","['20.5 /       33.4', '24.1 /       35.0', '23.7 /       34.0g']",,"['10.2', '9.5', '27.3m']",Mali
,"['94.1', '94.4', '94.7b']",,,,"['15.0 /       23.0', '14.2 /       25.4', '14.4 /       28.6a']",,"['7.4l', '6.5', '12.8e']",,"['8.2', '9.2', '9d']","['2.2', '2.9', '...']","['6.5', '5.2', '4.8m']","['101.9 /      101.6', '104.3 /      102.8', '107.0 /      106.2b']","['98.2 /      110.0', '97.8 /       92.1', '108.2 /      107.9b']","['86.6 /      113.2', '95.0 /       85.1', '111.0 /      107.3b']","['1', '0.9', '1.6d']","['8.7', '12.9', '13.4n']",Malta
,"['73.6', '75.8', '77.4b']",,,,,,,,,"['0.6', '0.4m', '...']",,"['97.4 /       98.8n', '86.5 /       88.5', '78.1 /       81.0b']","['79.3 /       75.6n', '68.8 /       64.1', '66.4 /       61.6b']","['71.4 /       66.8n', '59.1 /       51.9', '112.4 /      101.3b']",,"['3', '3', '6.1o']",Marshall Islands
,"['89', '89', '89.1b']",,,,"['19.5 /       20.6', '17.3 /       25.4', '15.5 /       30.0a']",,,,,,,,,,"['2.8m', '...', '...']",,Martinique
,"['46.6', '51.1', '54.5b']",,,,"['41.2 /        4.8', '40.5 /        4.9', '39.5 /        5.2a']",,"['27m', '77.3', '91.8c']",,"['3.4', '4.7', '4.6n']","['0.2', '0.2', '0.2n']","['2o', '2.3p', '1.9b']","['102.0 /       97.5', '107.0 /      102.0', '103.5 /       97.4b']","['19.1 /       22.4h', '30.3 /       32.5', '40.4 /       38.4b']","['12.8 /       16.5h', '20.0 /       23.0', '29.9 /       28.5b']",,"['22.1', '25.2', '20.3q']",Mauritania
,,,,,,,"['...', '...', '~0.0f']",,"['4.6', '5.7', '5.8e']","['1.2', '2', '2.5e']","['3.6', '4.9', '4.7d']","['103.1 /      102.5', '103.8 /      102.0', '100.8 /       98.3d']","['91.3 /       87.2k', '99.5 /       95.3', '98.3 /       96.0d']","['84.8 /       79.3k', '91.9 /       82.8', '87.7 /       81.2d']","['2.6', '1.7', '2.9e']","['17.1', '11.6', '20o']",Mauritius
,"['49', '47', '45.9f']",,,,"['42.9 /        5.1', '41.7 /        5.6', '38.4 /        6.2a']",,,,,,,,,,"['5.9h', '...', '...']",,Mayotte
,"['77.8', '79.3', '80.4b']",,,,"['29.5 /        8.8', '27.6 /       10.0', '25.5 /       11.5a']",,"['1.6n', '2.2', '204.9d']",,"['6', '5.8', '5.4o']","['4', '4.6', '4.8o']","['5.2', '5.2', '4.5p']","['109.8 /      111.4', '106.5 /      106.7', '105.4 /      104.7o']","['90.4 /       83.8', '104.1 /       97.6', '109.6 /      100.8o']","['62.4 /       58.6', '73.3 /       72.0', '86.6 /       81.7o']","['22.6', '17', '29.1o']","['27.6', '38', '48.2q']",Mexico
,"['22.3', '22.5', '22.8b']",,,,"['35.7 /        5.4', '32.8 /        6.5', '31.0 /        8.1a']",,"['...', '~0.0', '~0.0h']",,,"['0.2j', '...', '...']","['...', '12.4', '...']","['113.8 /      112.4k', '96.0 /       98.3', '94.7 /       98.8b']","['86.6 /       79.9l', '... / ...', '... / ...']","['77.5 /       72.7l', '... / ...', '... / ...']",,"['0', '0', '0m']",Micronesia (Federated States of)
,"['100', '100', '100b']",,,,,,"['~0.0g', '~0.0', '~0.0d']",,"['2.3', '2', '1.6c']","['...', '7.5h', '...']","['1.3', '1h', '1.5i']",,,,"['0', '0', '...']","['26.1', '20.8', '33.3j']",Monaco
,"['67.6', '68.2', '68.5b']",,,,"['27.0 /        5.6', '28.9 /        6.2', '31.2 /        7.6a']",,"['0.3n', '~0.0', '~0.0c']",,"['3.7', '4.2', '3.8o']","['2.8', '3.2', '3.9o']","['4.6', '4.2', '4.1p']","['124.3 /      127.2', '99.4 /      101.3', '102.3 /      104.5b']","['94.8 /       88.3', '... / ...', '91.9 /       91.1b']","['96.0 /       84.8', '92.2 /       87.1', '87.0 /       86.6b']","['8.8', '7.1', '6.2o']","['3.9', '14.9', '17.3q']",Mongolia
,"['64.1', '65.8', '67.2b']",,,,"['19.2 /       17.9', '18.5 /       20.3', '18.0 /       22.5a']",,"['18.3n', '19.8', '12.8e']",,"['...', '...', '8.4d']","['2', '2.4', '2.8d']",,"['110.6 /      110.3', '95.5 /       95.3', '100.6 /      100.6b']","['101.9 /       99.0', '93.5 /       92.0', '91.0 /       89.3b']","['90.9 /       85.8', '88.3 /       87.2', '89.9 /       88.0b']","['2.4', '2.7', '2.2d']","['11.1', '17.3', '24.7o']",Montenegro
,"['9.2', '9', '9.1b']",,,,,,"['~0.0i', '...', '...']",,,,"['5.1j', '...', '8.8b']","['163.4 /      154.0j', '96.0 /       92.9k', '112.4 /       99.1b']","['123.7 /      124.0j', '180.4 /      173.5k', '101.9 /       94.1b']","['86.2 /       87.1j', '160.0 /      208.8k', '88.9 /       89.6b']","['20.4l', '20.3m', '...']",,Montserrat
"['1.2', '1.4', '1.3d']","['58', '60.8', '63b']","['2.2', '2.4', '...']","['2.5', '2.6', '2.4d']","['74.7 /       72.1', '76.3 /       73.7', '77.5 /       75.1d']","['28.5 /        8.6', '27.7 /        9.9', '26.5 /       12.3a']",,"['1.1l', '4.4', '11d']","['26.6', '24.2', '19.9d']","['5.9', '5.1', '5.3m']","['0.6n', '0.9o', '0.7p']","['5.3n', '...', '...']","['106.3 /      113.0', '106.6 /      112.3', '112.7 /      116.7b']","['58.8 /       67.6', '64.1 /       75.1q', '78.2 /       84.1b']","['46.8 /       49.2', '52.5 /       57.5q', '62.4 /       62.3b']","['1.4', '1.2', '1.4m']","['10.5', '17', '20.5r']",Morocco
,"['31.8', '34.4', '36.5b']",,,,"['45.7 /        4.7', '45.4 /        4.5', '43.8 /        4.4a']",,"['10l', '18.8', '332.2c']",,,"['~0.0', '0.1o', '0.1b']","['3.9p', '6.1o', '5.5h,n']","['105.9 /      119.2', '103.4 /      113.8h', '112.4 /      120.4b']","['22.5 /       28.0', '31.9 /       35.2h', '33.4 /       37.4q']","['9.8 /       13.3', '21.3 /       23.5h', '28.0 /       34.5q']","['3.7', '3.5r', '...']","['39.2', '39.6', '42.4s']",Mozambique
,"['28.9', '29.9', '30.9b']",,,,"['30.0 /        7.3', '27.8 /        8.5', '25.1 /       10.3a']",,"['859.4h', '1 466.5', '800.4c']",,,"['0.5', '0.6m', '0.7b']","['...', '0.8n', '1.9b']","['97.6 /       98.6', '100.3 /      103.3o', '109.7 /      114.8l']","['49.2 /       47.1', '52.3 /       51.3o', '71.3 /       65.6l']","['36.7 /       33.2', '36.1 /       32.4o', '59.2 /       49.7l']","['1.6', '2.2', '2.3p']","['...', '6.2', '15.3q,r']",Myanmar
,"['41.6', '46.9', '51b']",,,,"['37.4 /        5.8', '36.9 /        5.6', '36.7 /        5.7a']",,"['8.8m', '4.4', '5.5c']",,"['9.7', '9.7', '8n']","['0.4o', '...', '0.6p']","['8.3', '...', '...']","['112.9 /      117.5', '118.4 /      123.7q', '122.1 /      126.4n']","['70.0 /       61.5o', '... / ...', '... / ...']","['38.3 /       34.0o', '... / ...', '... / ...']","['14.8', '17.7r', '...']","['26.9', '41.3', '44.2s']",Namibia
,"['100', '100', '100b']",,,,,,"['...', '0.8', '1.2e']",,,"['1.1', '1.3', '...']","['4.2p,q', '...', '...']","['93.4 /       93.8r', '111.6 /      121.3s', '121.0 /      122.4b']","['67.9 /       63.9r', '83.2 /       86.0s', '98.4 /       95.0b']","['55.7 /       50.3q', '90.5 /       93.1s', '96.4 /      111.9b']",,"['0', '5.3', '10.5t']",Nauru
,"['16.8', '18.6', '20.2b']",,,,"['36.3 /        7.5', '33.4 /        8.3', '28.1 /        8.8a']",,"['891.3j', '36.8', '20.1d']",,,"['...', '0.6m', '0.8b']","['3.6', '3.7', '5.1l']","['149.9 /      139.3', '148.6 /      139.9', '143.5 /      140.8b']","['56.9 /       58.3e', '69.4 /       66.3e', '83.0 /       77.4b']","['41.5 /       43.9e', '49.6 /       48.7e', '66.7 /       59.3b']","['3', '2.1n', '2.3o']","['33.2', '29.5', '32.7p']",Nepal
,"['87.1', '90.2', '91.9b']",,,,"['17.5 /       22.0', '16.8 /       24.1', '15.5 /       27.1a']",,"['90.1k', '92.5', '108d']",,"['10.2', '10.3', '10l']","['3', '3.5', '3.7l']","['5.5', '5.3', '5.2m']","['108.1 /      108.5', '102.7 /      102.7', '105.2 /      105.3l']","['121.2 /      122.9', '134.6 /      132.6', '135.0 /      133.6l']","['118.4 /      115.4', '137.2 /      128.6', '140.1 /      131.8l']","['0.9', '0.6', '0.6l']","['42', '37.3', '33.3n']",Netherlands
,"['67.1', '69.4', '71.1b']",,,,"['25.8 /       11.0', '23.8 /       12.4', '21.7 /       14.6a']",,,,,,,,,,"['3.2k', '...', '...']",,New Caledonia
,"['86.2', '86.3', '86.6b']",,,,"['20.5 /       18.4', '20.0 /       20.0', '19.3 /       22.7a']",,"['2.5k', '1.6', '2.3c']",,"['9.6', '9.3', '9.2l']","['2.6', '3', '3.4l']","['7', '6.3', '6.3m']","['101.3 /      101.0', '98.2 /       97.7', '101.4 /      100.8l']","['121.8 /      116.4', '118.1 /      111.5', '118.2 /      111.3l']","['144.6 /      130.7', '138.6 /      122.9', '139.5 /      122.8l']","['1', '1', '0.7m']","['33.6', '31.4', '48.3n']",New Zealand
,"['56.9', '57.9', '58.8b']",,,,"['33.3 /        6.3', '31.3 /        7.4', '29.1 /        8.9a']",,"['0.1g', '0.4', '1c']",,"['7.7', '8', '8.6h']","['0.7', '0.9', '1.7h']","['4.5', '4.1', '4.4i']","['120.1 /      121.1', '... / ...', '... / ...']","['78.0 /       69.1', '... / ...', '... / ...']","['64.4 /       50.6', '... / ...', '... / ...']","['13.5', '8.4', '7.2j']","['20.7', '39.1', '48.4k']",Nicaragua
,"['16.2', '16.2', '16.5b']",,,,"['50.0 /        4.2', '50.2 /        4.2', '49.5 /        4.1a']",,"['0.3p', '202.2', '541.9d']",,"['6.9', '7.1', '7.3q']","['~0.0r', '~0.0', '~0.0s']","['2.7', '4.5', '3.5i,q']","['55.9 /       69.2', '65.6 /       77.4', '62.0 /       70.7b']","['10.7 /       15.3', '17.0 /       23.1', '20.7 /       27.7t']","['3.1 /        5.5', '8.7 /       11.0', '9.1 /       13.6t']","['...', '4.4u', '...']","['9.7', '13.3', '25.9v']",Niger
,"['43.5', '47.8', '51.2b']",,,,"['44.0 /        4.5', '44.1 /        4.5', '43.3 /        4.5a']",,"['10.6o', '1 510.2', '2 689.5d']",,"['3.3', '3.6', '3.9p']","['0.4q', '0.4r', '0.4p']",,"['81.0 /       89.1i', '89.4 /       90.8s', '82.2 /       87.2t']","['41.2 /       47.2', '44.7 /       48.8', '39.8 /       44.1t']","['38.4 /       44.5', '41.6 /       46.3', '36.1 /       41.0t']","['...', '...', '34.5i,t']","['7', '6.7', '3.6u']",Nigeria
,"['38.7', '42.6', '45.5b']",,,,,,,,,"['1.9i', '...', '...']",,"['100.0 /      103.5j', '127.8 /      127.7', '145.6 /      125.9b']","['90.8 /       82.9j', '109.4 /       89.5', '109.7 /      110.2b']","['... / ...', '80.0 /       88.6', '104.8 /      102.9b']",,,Niue
"['-0.9', '0.7', '0.6g']","['90.9', '91.4', '91.7b']","['-3.1', '0.2', '...']",,,,,,,,,,,,,,,Northern Mariana Islands
,,,,,,,"['55.9k', '54.9', '55d']",,"['8.9', '10.1', '10l']","['4.1', '4.4', '4.9c']","['6.7', '7.6', '7.9m']","['99.2 /       98.9', '99.8 /      100.0', '100.1 /      100.1l']","['111.7 /      113.5', '113.2 /      116.0', '114.7 /      120.1l']","['124.1 /      127.8', '122.1 /      129.4', '125.2 /      133.7l']","['0.6', '0.5', '0.5l']","['39.6', '39.6', '44.4n']",Norway
,"['75.2', '81.4', '85.4b']",,,,"['25.7 /        3.9', '21.8 /        3.8', '22.9 /        4.5a']",,"['0.1j', '0.4', '0.6d']",,"['2.8', '4.3', '4.1k']","['1.9', '2.1', '1.9b']","['4.2l', '5m', '...']","['100.8 /      105.4l', '110.7 /      106.0', '107.7 /       98.6b']","['97.2 /      102.3l', '102.4 /      104.2', '102.4 /      111.9b']","['92.8 /       93.1l', '98.3 /       98.6', '96.7 /      114.3b']","['1.6', '0.4', '0.3k']","['0', '1.2', '2.3n']",Oman
,"['35', '36', '36.9b']",,,,"['37.7 /        6.3', '35.9 /        6.4', '34.6 /        6.8a']",,"['4 151.0l', '3 440.0', '1 535.9c']",,"['2.6', '2.7', '3.2m']","['0.8', '0.9', '1.1b']","['2.3', '2.6', '2.9n']","['77.6 /       91.0', '78.3 /       91.4', '87.9 /      102.3b']","['28.8 /       37.3', '34.9 /       44.0', '40.7 /       46.7b']","['21.8 /       29.0', '27.4 /       36.2', '31.9 /       37.5b']","['7.4', '4.8', '3.9m']","['22.2', '20.7', '20.2o']",Pakistan
,"['74.8', '78.2', '80.5b']",,,,,,"['...', '~0.0', '~0.0m']",,,"['1.6', '1.4u', '...']",,"['... / ...', '105.2 /      119.6u', '... / ...']","['... / ...', '122.9 /      110.8u', '... / ...']","['89.4 /       86.0v', '129.8 /      112.9u', '... / ...']","['...', '17', '11.2d']","['0', '0', '6.3w']",Palau
,"['65.1', '66.7', '68.1b']",,,,"['29.1 /        9.7', '27.8 /       10.8', '26.2 /       12.6a']",,"['17.6j', '19.3', '135.3d']",,"['7.1', '6.8', '7.3k']","['1.4', '1.6', '1.6b']","['3.5l', '3.2m', '...']","['103.1 /      107.0', '94.9 /       97.2', '93.4 /       95.4n']","['73.5 /       69.2', '77.9 /       73.9', '78.3 /       74.1n']","['56.3 /       48.3', '62.5 /       55.3', '61.6 /       54.4n']","['12.6', '11.9', '9.4k']","['8.5', '19.3', '22.5o']",Panama
,"['13', '13', '13.2b']",,,,"['38.3 /        5.3', '36.8 /        5.5', '34.8 /        6.1a']",,"['9.7n', '9.9', '9.8c']",,"['2.1', '1.8', '2.4i,j']","['0.1', '...', '0.1b']","['...', '...', '1.9h,j']","['54.3 /       61.4o', '95.7 /      107.7p', '103.6 /      113.2q']","['... / ...', '33.0 /       44.0p', '39.9 /       54.7q']","['... / ...', '17.2 /       25.4p', '26.2 /       41.2q']","['9.8', '...', '...']","['0.9', '2.7', '0r']",Papua New Guinea
,"['59.3', '60.8', '61.9b']",,,,"['32.9 /        7.8', '30.4 /        8.8', '28.6 /       10.1a']",,"['0.1l', '0.2', '5.9d']",,"['4.6', '6.7m', '6.7n']","['...', '1.3o', '1.4n']","['2.8', '3.7o', '3.4p']","['100.9 /      104.3', '103.0 /      105.7o', '... / ...']","['69.8 /       65.7', '78.6 /       73.3o', '... / ...']","['58.7 /       53.9', '71.8 /       64.9o', '72.4 /       65.8p']","['11.9', '9.2', '7.1n']","['12.5', '15', '15q']",Paraguay
,"['76.4', '77.4', '78.1b']",,,,"['30.1 /        8.9', '28.1 /       10.7', '24.7 /       12.8a']",,"['1.4m', '1.8', '1 110.8i']",,"['4.7n', '5', '5.2o']","['0.9p', '1.1q', '0.8o']","['2.9', '4', '3.8b']","['110.0 /      109.8', '100.3 /      100.2', '111.3 /      115.7b']","['93.5 /       91.1', '97.4 /       97.8', '105.6 /      112.1b']","['80.2 /       73.5', '91.4 /       90.9', '103.6 /      108.6b']","['...', '7.4', '7.9r']","['27.5', '22.3', '26.2s']",Peru
,"['45.3', '46.3', '47.1b']",,,,"['34.0 /        6.5', '32.3 /        7.3', '29.5 /        8.9a']",,"['139.9o', '386.2', '376.5d']",,,"['1.3', '...', '0.6r']","['2.5s', '...', '...']","['107.1 /      108.3s', '110.5 /      113.9', '97.6 /      100.6b']","['87.5 /       80.9s', '91.5 /       84.4', '93.9 /       85.9b']","['78.2 /       68.1', '83.1 /       74.3', '79.0 /       66.9b']","['9.2', '9.4', '6.5q']","['21', '27.2', '28t']",Philippines
,"['60.9', '60.3', '60b']",,,,"['15.2 /       19.4', '14.8 /       22.7', '15.2 /       26.4a']",,"['18.4k', '29', '17.4c']",,"['6.4', '6.4', '6.3l']","['2.2', '2.3', '2.4m']","['5.1', '4.8', '4.6m']","['96.1 /       96.9', '100.3 /      100.0n', '96.3 /       97.4l']","['95.7 /       96.2', '105.7 /      109.7', '110.3 /      113.5l']","['96.8 /       96.1', '112.1 /      116.6', '114.3 /      119.6l']","['1', '0.8', '0.7l']","['20', '24.1', '28.3o']",Poland
,"['60.6', '63.5', '65.8b']",,,,"['15.0 /       24.7', '14.1 /       27.0', '12.9 /       29.8a']",,"['0.5m', '1.4', '2.8d']",,"['9.8', '9', '9.4n']","['4', '4.7', '5.3n']","['5.4', '4.9', '5o']","['109.9 /      113.2', '104.9 /      109.0', '105.4 /      108.2n']","['108.3 /      105.3', '116.9 /      120.6', '120.6 /      121.1n']","['105.2 /       96.6', '117.7 /      120.1', '125.3 /      123.8n']","['1.2', '1', '0.8n']","['27.4', '31.3', '40p']",Portugal
"['-0.3', '-1.1', '-3.3f']","['93.8', '93.6', '93.6b']","['-0.3', '-0.3', '...']","['1.7', '1.5', '1.2f']","['81.8 /       74.0', '82.7 /       75.4', '83.3 /       76.2f']","['20.6 /       18.3', '18.6 /       21.3', '14.9 /       28.2a']",,,"['7.2', '6.4', '5.5f']",,,"['...', '6.1j', '...']","['99.3 /       95.7', '91.6 /       90.2k', '... / ...']","['88.3 /       83.6', '89.8 /       83.5k', '... / ...']","['81.1 /       75.0', '83.8 /       76.2k', '... / ...']","['28.8', '18.2', '21.1l']",,Puerto Rico
"['15.3', '6.5', '2.3d']","['98.5', '98.9', '99.2b']","['14.7', '6.7', '...']","['2.2', '2', '1.9d']","['80.3 /       77.6', '81.1 /       78.3', '81.8 /       78.9d']","['12.9 /        1.6', '13.4 /        2.2', '13.7 /        3.9a']","['1 456.4 /       78.5', '1 687.6 /       65.8', '2 226.2 /       77.3d']","['1.3k', '1.4', '1.5d']","['8.3', '7.3', '6.3d']","['1.8', '3.2', '2.5l']","['3.7', '1.7m', '2.5l']","['4.5', '3.6m', '2.7b']","['104.4 /      100.9', '103.0 /      102.2', '105.1 /      102.1b']","['102.7 /      108.3', '... / ...', '... / ...']","['100.9 /      100.3', '... / ...', '... / ...']","['0.2', '0.4m', '...']","['0', '0', '9.8n']",Qatar
,"['81.9', '81.6', '81.4b']",,,,"['16.1 /       15.3', '13.8 /       18.3', '12.3 /       24.2a']",,"['1.2n', '6.6', '28.9d']",,"['5.9', '6.7', '7.6o']","['2', '2.2', '2.4o']","['...', '...', '4.6p']","['101.8 /      101.7', '98.7 /       98.9', '99.5 /       99.7o']","['96.1 /       96.6', '99.7 /      100.3', '98.1 /       98.8o']","['92.2 /       93.0', '96.6 /       97.1', '99.8 /      100.8o']","['1', '0.7', '0.6o']","['14.7', '16.3', '19q']",Republic of Korea
,,,,,,,"['2.3m', '6.8', '3.9d']",,"['10.1', '8.6', '6.6n']","['2.4', '2.5', '2.6c']","['7.6', '6.3o', '6.1c']",,,,"['6.5', '4.6', '4.1n']","['23.8', '20.8', '24.8p']",Republic of Moldova
,"['53.8', '53.9', '54.1b']",,,,"['15.8 /       21.3', '15.5 /       23.8', '15.5 /       26.0a']",,"['1.7l', '2.9', '4.3c']",,,"['2.5', '2.6o', '3p']","['3.5', '3.1', '3.1p']","['99.1 /      100.8', '88.5 /       89.8', '86.9 /       87.7n']","['97.2 /       98.1', '92.9 /       92.9', '89.2 /       89.0n']","['97.1 /       97.7', '91.0 /       89.1', '90.8 /       88.3n']","['1.3', '1.7', '1.3n']","['11.4', '13.7', '18.5q']",Romania
,"['73.7', '74', '74.6b']",,,,"['14.9 /       18.0', '16.9 /       20.0', '18.5 /       22.9a']",,"['132.6g', '431.2', '93.5c']",,"['5', '5.3', '5.3h']","['7.2', '4.2', '4.4h']","['4.1i', '3.8', '4.7j']","['99.6 /       99.1k', '99.5 /       98.7', '104.1 /      105.2h']","['84.1 /       85.4k', '101.0 /      103.4', '102.2 /      105.3h']","['78.3 /       85.9k', '104.2 /      115.3', '105.9 /      115.1h']","['11.6', '11.5', '8.2h']","['14', '13.6', '15.8l']",Russian Federation
,"['16.9', '17', '17.3b']",,,,"['41.5 /        4.1', '40.6 /        4.5', '39.2 /        5.3a']",,"['55.7m', '135.6', '150.5c']",,,"['...', '0.1', '0.1b']","['4.6', '3.6h', '3.1p']","['150.1 /      146.4', '140.6 /      138.7', '130.0 /      132.7b']","['31.6 /       31.6', '39.4 /       36.3', '47.0 /       41.6b']","['18.4 /       20.6', '32.1 /       31.9', '32.5 /       31.0b']","['2.9', '2.6', '...']","['56.2', '63.8', '61.3q']",Rwanda
,"['98.5', '99.3', '99.6b']",,,,"['25.4 /       12.2', '24.3 /       15.3', '22.0 /       18.9a']",,,,,,,,,,"['1.8m', '...', '...']",,Réunion
,,,,,,,,,,,,,,,"['0n', '...', '...']",,Saint Helena
,"['31.3', '30.8', '30.8b']",,,,,,"['...', '~0.0', '~0.0e']",,,"['...', '2.7', '2.8d']","['4.2j', '2.6', '...']","['110.6 /      116.5', '107.9 /      108.7', '107.1 /      110.4k']","['105.2 /      107.4g', '107.5 /      108.3', '108.7 /      105.1k']","['100.0 /       92.8g', '99.9 /      100.1', '103.5 /       98.1k']","['42.8', '36.1l', '...']","['6.7', '6.7', '25m']",Saint Kitts and Nevis
,"['18.4', '18.5', '18.8c']",,,,"['23.2 /       11.9', '19.8 /       12.9', '17.7 /       15.4a']",,"['~0.0o', '0.1', '~0.0f']",,,"['1.6', '1.9p', '0.6q']","['3.5k', '3.9', '3.3c']","['98.0 /      103.2r', '99.5 /      102.8', '103.3 /      101.4c']","['93.3 /       94.4', '88.1 /       88.9', '88.6 /       91.1c']","['93.6 /       89.1', '83.3 /       81.5', '87.0 /       88.2c']","['25.3', '15.6', '21.4e']","['11.1', '16.7', '16.7s']",Saint Lucia
,"['89.9', '89.9', '89.9b']",,,,,,,,,,,,,,"['15.8g', '...', '...']",,Saint Pierre and Miquelon
,"['49', '51', '52.6b']",,,,"['25.8 /       11.3', '23.7 /       13.2', '21.6 /       15.1a']",,"['...', '...', '~0.0e']",,,"['0.7', '0.9j', '...']","['5.1', '...', '5.7d']","['106.2 /      111.9', '109.7 /      110.7', '112.7 /      114.1d']","['110.7 /      105.5', '107.7 /      107.1', '108.7 /      105.9d']","['102.5 /       81.6', '94.0 /       80.9', '102.8 /       85.3d']","['23.1', '25.8j', '36.5k']","['21.7', '13', '18.2l']",Saint Vincent and the Grenadines
"['0.7', '0.8', '0.5d']","['20.1', '18.9', '18.1b']","['-0.4', '-0.4', '...']","['4.5', '4.2', '3.9d']","['73.5 /       68.8', '74.5 /       70.2', '75.2 /       71.1d']","['38.3 /        7.1', '38.8 /        7.0', '37.1 /        8.2a']","['5.1 /        2.8', '4.3 /        2.2', '4.0 /        2.0d']","['...', '...', '~0.0d']","['16.6', '15.1', '13.4d']",,"['0.3', '0.5l', '0.3m']","['5.1n', '...', '4.2m']","['109.9 /      111.5', '106.4 /      106.4', '115.7 /      114.5b']","['93.6 /       82.3', '99.1 /       89.3', '98.0 /       88.8m']","['87.3 /       70.3', '94.5 /       79.0', '92.3 /       79.6m']","['8.6', '3.1l', '...']","['8.2', '6.1', '10o']",Samoa
,"['95.7', '96.7', '97.4b']",,,,,,,,"['6.6', '7.3', '7.1c']","['...', '6.1k', '...']","['2.6', '2.7o', '3.6c']","['120.3 /      106.4', '103.8 /      109.5p', '110.1 /       99.4b']","['93.9 /       91.2', '98.3 /       97.1p', '66.2 /       69.5b']","['87.2 /       80.8', '89.6 /       89.2p', '43.5 /       47.8b']","['0', '0o', '...']","['16.7', '16.7', '33.3q']",San Marino
,"['65', '70.2', '73.6b']",,,,"['43.4 /        4.4', '43.3 /        4.5', '41.3 /        5.1a']",,,,,"['...', '0.3', '...']","['9.7', '3.9', '5.1e,c']","['116.2 /      117.0', '103.2 /      107.3', '105.0 /      108.5j']","['52.3 /       51.2', '86.9 /       78.2', '95.9 /       82.9j']","['17.8 /       22.6', '64.3 /       56.4', '78.2 /       63.0j']","['3.3', '3.3k', '...']","['7.3', '18.2', '23.6l']",Sao Tome and Principe
,"['82.1', '83.2', '84.1b']",,,,"['29.7 /        4.5', '25.8 /        5.2', '24.5 /        6.2a']",,"['70.7', '70.3', '72.9c']",,"['3.6', '6', '6.4o']","['2.4', '2.6p', '2.6o']","['5.1q', '...', '...']","['106.2 /      107.1', '112.1 /      108.7', '101.5 /      100.0b']","['89.0 /      100.4h,r', '115.0 /      117.9', '106.1 /      117.3b']","['83.1 /       92.8r', '116.5 /      122.7', '107.5 /      127.7b']","['1.1s', '1.5', '1.3t']","['0', '19.9', '19.9u']",Saudi Arabia
,"['43.8', '45.9', '47.7c']",,,,"['43.5 /        4.8', '43.5 /        4.8', '42.3 /        4.8a']",,"['24.2o', '17.3', '16.2f']",,"['4', '4.4', '4l']","['0.1p', '0.2', '0.1c']","['5.2', '5.5', '4.8l']","['86.4 /       81.7', '89.8 /       80.2', '87.6 /       76.7c']","['33.8 /       38.7', '50.1 /       50.4q', '49.1 /       43.4c']","['13.4 /       19.9p', '32.4 /       37.3k,q', '36.7 /       35.4c']","['...', '0.3', '...']","['22.7', '42.7', '43r']",Senegal
,,,,,,,,,"['9.5', '8.8', '8.5n']","['2.5', '2.5', '3.1o']","['4.3', '3.8', '3.6n']",,,,"['1.4', '1.2', '1.2n']","['21.6', '34', '39.2p']",Serbia
,"['53.3', '55.4', '57.1b']",,,,"['22.8 /        9.9', '23.2 /       10.8', '23.7 /       13.5a']",,"['...', '...', '~0.0c']",,"['4.8', '4.6', '5.1c']","['1.1', '1q', '2.5c']","['4.8r', '4.1s', '4.4t']","['112.1 /      108.8', '106.0 /      102.8', '102.8 /       98.0b']","['77.1 /       72.5o', '84.4 /       78.6', '81.1 /       76.2b']","['56.0 /       47.5o', '63.3 /       55.9', '61.4 /       53.4b']","['9.9', '7.4', '12.5t']","['23.5', '43.8', '22.9u']",Seychelles
,"['38.9', '40.8', '42.5b']",,,,"['43.0 /        4.8', '41.9 /        4.7', '40.0 /        4.7a']",,"['8.6h', '1.4', '0.4c']",,,"['~0.0', '~0.0k', '0.1j']","['2.6', '2.7l', '7.7b']","['... / ...', '116.9 /      115.3', '145.6 /      141.9b']","['... / ...', '36.5 /       41.6', '41.1 /       42.5m']","['... / ...', '22.3 /       28.5', '26.4 /       29.2m']","['2.5', '1.7', '...']","['13.2', '12.4', '12.3n']",Sierra Leone
"['3.7', '1.7', '0.9d']","['100', '100', '100c']","['2.4', '1.7', '...']","['1.3', '1.2', '1.2d']","['83.7 /       78.7', '84.5 /       80.1', '85.5 /       81.2d']","['14.0 /       12.7', '12.6 /       15.7', '12.4 /       21.9a']",,"['~0.0j', '~0.0', '1.3d']","['2.2', '2.1', '1.6d']",,"['1.7', '2n', '2.3o']","['3.1', '2.9p', '...']","['... / ...', '... / ...', '100.2 /      100.3h,m']","['... / ...', '... / ...', '105.3 /      106.3h,m']","['... / ...', '... / ...', '110.4 /      111.7h,m']","['0.4', '0.3', '0.2m']","['23.4', '25.3', '29.5q']",Singapore
,"['100', '100', '100b']",,,,,,"['~0.0i', '~0.0', '~0.0f']",,,,,"['... / ...', '128.9 /      127.5j', '... / ...']","['... / ...', '88.5 /       92.7j', '... / ...']","['... / ...', '76.4 /       84.9j', '... / ...']",,,Sint Maarten (Dutch part)
,"['54.7', '53.9', '53.7c']",,,,"['15.3 /       17.8', '15.3 /       20.7', '15.6 /       23.8a']",,"['1.6k', '2.5', '2.6d']",,"['7.7', '6.8', '6.7l']","['3.4', '3.4', '3.5l']","['4.1', '4.6', '3.9m']","['101.0 /      101.9', '98.1 /       98.9', '99.5 /       99.9l']","['92.8 /       91.8', '91.5 /       90.5', '91.9 /       90.8l']","['93.0 /       89.5', '86.8 /       83.5', '89.2 /       85.4l']","['1.5', '0.8', '1.1l']","['18', '18.7', '22.7n']",Slovakia
,"['52.7', '53.8', '54.8b']",,,,"['14.0 /       22.2', '14.7 /       25.1', '15.1 /       28.2a']",,"['4.6k', '0.3', '1.3d']",,"['8.6', '8.5', '8.3c']","['2.4', '2.8', '3.2c']","['5.5', '4.9', '4.8l']","['99.5 /       99.5', '100.3 /       99.6', '102.1 /      102.0c']","['98.6 /       99.3', '111.0 /      109.7', '115.9 /      113.2c']","['99.8 /      101.0', '117.7 /      115.7', '129.1 /      124.3c']","['0.7', '1', '0.5c']","['14.4', '36.7', '26.7m']",Slovenia
,"['20', '22.4', '24.2b']",,,,"['40.8 /        5.1', '40.4 /        5.3', '39.9 /        5.7a']",,"['...', '~0.0', '~0.0b']",,"['10.3', '5.2', '4.5d']","['0.2i', '0.2j', '0.2k']","['9.9', '...', '...']","['113.2 /      116.0', '113.0 /      114.2', '103.9 /      104.7b']","['44.9 /       51.9', '47.0 /       49.5l', '... / ...']","['26.4 /       36.6', '26.5 /       30.7l', '... / ...']","['3.8i', '...', '...']","['0', '2', '8m']",Solomon Islands
,"['39.3', '43.2', '45.6b']",,,,"['48.2 /        4.4', '47.2 /        4.5', '46.0 /        4.6a']",,"['1 489.8i', '1 165.0', '2 701.8e']",,,"['~0.0j', '~0.0k', '...']",,"['16.6 /       30.1l', '... / ...', '... / ...']","['3.7 /        8.1l', '... / ...', '... / ...']","['3.2 /        6.9l', '... / ...', '... / ...']",,"['6.9', '13.8', '24.4m']",Somalia
,"['62.2', '64.8', '66.9b']",,,,"['29.7 /        7.2', '29.3 /        7.9', '28.6 /        8.7a']",,"['229.7m', '912.6', '266.7d']",,,"['0.7', '0.8', '0.8b']","['5.7', '6', '6.5b']","['102.7 /      106.8', '101.9 /      109.2', '96.6 /      100.4o']","['96.6 /       91.0', '108.8 /      110.1', '104.0 /       97.1o']","['92.3 /       83.9', '110.2 /      113.2', '104.5 /       95.5o']","['31', '33.7', '36.4o']","['44.5', '41.5', '45.8p']",South Africa
,"['17.9', '18.9', '19.9d']",,,,"['43.5 /        5.2', '42.5 /        5.1', '41.1 /        5.2a']",,"['...', '2 058.5', '2 091.0e']",,"['...', '...', '6.4i']",,"['...', '1.5', '1.5j']","['... / ...', '60.4 /       85.3', '... / ...']","['... / ...', '7.7 /       14.3', '... / ...']","['... / ...', '3.6 /        8.0', '... / ...']","['...', '14.9k', '...']","['...', '26.5', '28.5l']",South Sudan
,,,,,,,"['6.6l', '17.3', '204.1d']",,"['9.1', '9.1', '9m']","['3.7', '3.8', '4m']","['4.9', '4.3', '4.2n']","['103.6 /      104.4', '107.2 /      105.6', '102.7 /      101.3m']","['120.7 /      117.6', '124.6 /      125.3', '127.4 /      125.0m']","['134.3 /      123.1', '128.0 /      124.7', '133.3 /      126.6m']","['0.9', '0.6', '0.6m']","['36.6', '41.1', '44o']",Spain
,"['18.2', '18.3', '18.6b']",,,,"['25.4 /       11.9', '24.8 /       14.0', '23.4 /       16.9a']",,"['435.3o', '51.8', '26.6d']",,"['3.9', '3.9', '3.8i,p']","['0.7', '0.9', '1.2b']","['1.7', '2.2', '2.1p']","['98.2 /      100.7', '100.6 /      102.7', '99.6 /      100.7p']","['97.5 /       96.3', '101.8 /       97.2q', '102.6 /       98.0p']","['98.2 /       91.7', '103.9 /       94.0q', '105.3 /       95.2p']","['3.8', '2.3', '2.4p']","['5.8', '5.8', '5.4r']",Sri Lanka
,,,,,,,"['...', '~0.0', '...']",,,,"['6.7', '5.1', '5.3n']","['90.4 /       92.2', '97.5 /       97.5', '97.7 /       97.8c']","['89.1 /       82.5', '89.9 /       81.9', '95.0 /       86.5c']","['85.9 /       70.2', '77.4 /       59.0', '87.4 /       69.1c']","['0.8', '1.2', '0.5e']",,State of Palestine
,"['33.1', '33.9', '34.9b']",,,,"['43.0 /        5.1', '41.5 /        5.4', '39.5 /        5.7a']",,"['1 951.5h', '2 767.9', '2 963.6c']",,,"['0.3k', '0.4', '0.3l']","['2.2m', '...', '...']","['67.8 /       75.6', '69.8 /       76.4', '76.1 /       81.7j']","['39.4 /       45.5', '45.3 /       46.0', '46.3 /       45.4j']","['31.5 /       34.0', '40.3 /       38.2', '40.6 /       37.6j']","['5.1k', '...', '...']","['...', '24.3', '27.7b']",Sudan
"['1.2', '1.1', '1e']","['66.3', '66.1', '66.1b']","['1', '0.9', '...']","['2.7', '2.6', '2.4e']","['73.2 /       66.7', '74.3 /       67.8', '74.8 /       68.3e']","['29.4 /        9.1', '27.9 /        9.7', '26.4 /       11.2a']",,"['~0.0l', '~0.0', '1.9e']","['23.7', '20.3', '17.5e']","['5f', '6.2f', '8d']","['0.7m', '1', '0.8d']",,"['113.8 /      114.2', '116.4 /      115.2', '109.2 /      109.3b']","['80.7 /       62.6', '88.6 /       67.1', '... / ...']","['67.7 /       37.8', '66.9 /       36.8', '... / ...']","['8.3n', '6.1', '5.4o']","['25.5', '11.8', '29.4p']",Suriname
,"['85.1', '86.6', '87.7b']",,,,"['16.5 /       24.9', '17.3 /       25.2', '17.7 /       26.1a']",,"['110.8k', '225.5', '304.3d']",,"['8.3', '10.8', '10.9l']","['3.8', '4.2', '4.3m']","['6.5', '7.4', '7.6m']","['101.2 /      101.7', '125.5 /      120.5', '129.8 /      127.6l']","['97.6 /       98.6', '150.0 /      131.5', '156.7 /      147.0l']","['99.1 /      100.5', '179.1 /      149.2', '194.7 /      175.6l']","['1', '1.1', '1.1l']","['46.4', '43.6', '47n']",Sweden
,"['73.6', '73.7', '73.8b']",,,,"['15.1 /       22.8', '14.8 /       23.5', '15.0 /       25.8a']",,"['61.9k', '86.6', '122.9c']",,"['10.3', '11.4', '11.9l']","['3.8', '4.2', '4.3l']","['4.9', '5.1', '5.1m']","['102.6 /      103.1', '104.0 /      104.3', '105.1 /      105.8l']","['94.6 /       97.5', '99.6 /      103.2', '99.9 /      105.1l']","['82.6 /       89.5', '95.3 /      100.8', '96.6 /      105.2l']","['0.7', '0.7', '0.6l']","['29', '30.5', '42n']",Switzerland
"['3', '-3.4', '-0.6e']","['55.6', '52.2', '54.8b']","['3.4', '-3.6', '...']","['3.7', '3.1', '2.8e']","['77.3 /       72.0', '76.3 /       64.4', '77.7 /       65.9e']","['37.4 /        5.0', '33.1 /        6.3', '30.7 /        7.6a']",,"['1 308.1l', '7 946.5', '6 967.2e']","['15', '17.9', '15.5e']","['3.3', '3.6m', '...']","['1.5', '1.6n', '1.3o']","['5.1p', '...', '...']","['114.7 /      118.8', '80.2 /       83.1q', '... / ...']","['72.3 /       72.1', '52.4 /       52.7q', '... / ...']","['38.8 /       35.8', '33.7 /       30.5q', '... / ...']","['2.2', '...', '0.9r']","['12.4', '12.4', '11.2s']",Syrian Arab Republic
,"['26.5', '26.7', '27.3b']",,,,"['35.7 /        4.8', '35.8 /        4.8', '37.4 /        6.0a']",,"['7.1h', '11.9', '11.8c']",,"['5.7', '6.9', '7.2i']","['1.7', '1.7j', '...']","['4', '5.2', '...']","['100.2 /      102.7', '97.1 /       98.1', '100.3 /      101.4k']","['78.9 /       90.4', '83.8 /       93.0l', '... / ...']","['47.8 /       71.0', '58.5 /       77.7l', '... / ...']","['2.4', '1.6m', '...']","['17.5', '16.9', '23.8n']",Tajikistan
,"['43.9', '47.7', '50.7b']",,,,"['19.2 /       12.9', '18.0 /       15.7', '16.3 /       20.0a']",,"['649.4i', '625.3', '573.5c']",,,"['0.4', '0.5', '0.9b']","['3.5', '4.1l', '...']","['96.3 /       97.4', '97.6 /      103.5', '101.0 /      101.1b']","['85.3 /       79.6', '118.2 /      123.0', '113.4 /      116.9b']","['73.5 /       62.4', '120.2 /      120.3', '112.1 /      109.6b']","['5.4', '3.5', '2.6m']","['13.3', '6.1', '15.8n']",Thailand
"['0.1', '0.1', '~0.0c']","['57.1', '57.4', '58.2b']","['-0.1', '0.2', '...']","['1.5', '1.5', '1.5c']","['76.3 /       72.1', '77.2 /       73.1', '77.6 /       73.6c']","['17.9 /       16.4', '16.8 /       18.6', '16.2 /       21.1a']",,"['3.3j', '1.6', '17.5c']","['10.8', '8.9', '10.7c']","['6.7', '6.3', '6.6k']","['2.7', '2.9', '...']",,"['86.7 /       88.0', '94.0 /       93.7', '98.1 /       98.3k']","['81.0 /       83.3', '81.2 /       82.6', '79.1 /       80.8k']","['74.6 /       77.1', '78.1 /       79.5', '70.3 /       73.5k']","['2.1', '1.2', '1.2k']","['32.5', '33.3', '39.2l']",The former Yugoslav Republic of Macedonia
,"['27.7', '29.5', '30.9b']",,,,"['42.5 /        6.3', '39.5 /        6.3', '36.6 /        6.6a']",,"['~0.0l', '~0.0', '~0.0b']",,"['1.4', '4m', '4.3m,c']","['...', '0.7', '0.8b']","['11.1', '8.4', '6.8h,c']","['119.2 /      126.1', '126.6 /      129.8', '111.2 /      113.7b']","['62.1 /       62.6', '74.4 /       70.5', '90.5 /       82.7b']","['50.6 /       52.5', '62.5 /       59.2', '81.5 /       71.9b']","['3.6', '4.1', '...']","['29.2', '38.5', '38.5n']",Timor-Leste
,"['37.5', '40.1', '42.2b']",,,,"['42.8 /        4.4', '42.1 /        4.5', '40.3 /        4.7a']",,"['14.2k', '22.6', '12.7d']",,"['5.9', '6.2', '6.2l']","['0.1', '~0.0', '0.1b']","['4.1', '5.1', '5.4g,l']","['120.8 /      133.9', '124.9 /      131.2', '124.4 /      128.1d']","['31.4 /       59.4g,m', '... / ...', '52.1 /       71.6n']","['17.2 /       41.1g,m', '... / ...', '34.8 /       54.2d']",,"['11.1', '17.6', '18.7o']",Togo
,"['0', '0', '0b']",,,,,,,,,,,"['... / ...', '... / ...', '134.4 /      130.8b']","['... / ...', '... / ...', '113.6 /      114.6b']","['... / ...', '... / ...', '59.5 /       25.0b']",,,Tokelau
,"['23.4', '23.3', '23.1b']",,,,"['37.4 /        7.9', '36.4 /        8.7', '34.4 /        8.8a']",,"['~0.0m', '...', '~0.0d']",,,"['0.6', '0.5o', '...']",,"['107.3 /      109.4', '116.0 /      116.7', '... / ...']","['107.2 /      100.4', '102.4 /       99.4', '... / ...']","['93.4 /       84.8p', '76.9 /       64.5', '... / ...']","['1', '1q', '...']","['3.1', '0', '7.4r']",Tonga
,"['54', '53.3', '53.2b']",,,,"['20.7 /       12.4', '20.7 /       14.5', '19.8 /       17.5a']",,"['0.1n', '0.2', '26.9e']",,"['5.1', '6', '6.9o']","['1.8', '2.6', '4.5b']",,"['104.4 /      108.0', '... / ...', '... / ...']",,,"['35.6', '30.6', '...']","['26.8', '28.6', '26.2p']",Trinidad and Tobago
,"['66.7', '68.1', '69.3b']",,,,"['23.3 /       10.4', '23.8 /       11.8', '24.2 /       13.8a']",,"['0.1k', '1', '4.7d']",,"['5.9', '7f', '7.3f,l']","['1.2', '1.3', '1.3m']","['6.3', '6.6', '...']","['107.0 /      107.4', '114.6 /      114.5', '114.9 /      115.9l']","['94.5 /       86.2', '95.3 /       88.6n', '99.3 /       86.9o']","['84.2 /       67.6', '84.9 /       69.1n', '89.8 /       68.9o']","['2.7', '3.1p', '...']","['27.6', '31.3', '26.3q']",Tunisia
,"['70.8', '73.6', '75.6b']",,,,"['26.9 /       10.4', '25.6 /       11.5', '23.6 /       13.5a']",,"['17.8l', '1 985.3', '3 905.7d']",,"['5', '4.1', '4.1m']","['1.7', '1.8', '1.8m']","['2.8n', '...', '...']","['100.6 /      102.0', '102.7 /      103.4', '94.4 /       95.4m']","['80.5 /       87.9', '101.5 /      104.2', '103.2 /      105.7m']","['67.5 /       77.4', '102.9 /      109.8', '101.9 /      108.0m']","['4.2', '2.8', '2.6m']","['9.1', '14.4', '17.3o']",Turkey
,"['48.5', '50.3', '52b']",,,,"['29.5 /        6.1', '30.4 /        6.8', '30.6 /        8.4a']",,"['20.1i', '7.2', '3.8e']",,"['5', '6.3', '6.6j']","['2.3', '2.2k', '...']","['...', '3l', '...']","['... / ...', '... / ...', '116.8 /      119.0b']","['... / ...', '... / ...', '88.8 /       90.5b']","['... / ...', '... / ...', '82.5 /       83.5b']","['4.2m', '...', '...']","['16.8', '25.8', '25n']",Turkmenistan
,"['90.2', '92.2', '93.4c']",,,,,,"['...', '~0.0', '~0.0i']",,,,"['2.5m', '3.2', '2.9j']","['84.2 /       77.7m', '... / ...', '116.4 /      116.7j']","['95.5 /       86.3n', '76.2 /       69.0', '77.6 /       75.5j']","['53.7 /       54.6n', '87.1 /       67.4', '69.9 /       65.0j']","['6.3n', '5.7o', '...']",,Turks and Caicos Islands
"['1', '1.1', '1.2d']","['54.8', '59.7', '63.2b']","['2.9', '2.6', '...']",,,,"['0.2 /        2.1', '0.2 /        2.1', '0.2 /        2.0d']",,,,"['1.2l', '0.9m', '...']",,"['108.4 /      112.6n', '97.8 /      101.7', '104.1 /      113.3b']","['... / ...', '90.9 /       75.2', '47.2 /       35.4b']","['... / ...', '71.6 /       42.1m', '62.4 /       39.1b']","['9.5', '18.6o', '...']","['0', '6.7', '6.3p']",Tuvalu
,"['19.4', '22.1', '24.4b']",,,,"['49.1 /        3.0', '48.0 /        3.1', '45.5 /        3.3a']",,"['594.4n', '646.5', '3 776.4d']",,,"['0.1q', '0.1', '0.2r']","['1.7', '2.3i', '2.1i,p']","['122.4 /      121.5', '103.7 /      101.6', '104.1 /      101.3r']","['21.8 /       27.5s', '... / ...', '... / ...']","['12.0 /       16.5t', '... / ...', '... / ...']","['9.7', '12.1u', '10.5p']","['31.5', '35', '34.9v']",Uganda
,,,,,,,"['46.4l', '1 426.6', '2 454.1e']",,"['6.8', '7.8', '7.7m']","['3.5', '3n', '...']","['7.3o', '5.9n', '5.4p']","['99.1 /       98.5', '100.1 /       98.0n', '... / ...']","['94.4 /       96.7j', '95.0 /       96.9n', '... / ...']","['76.4 /       83.6j', '89.0 /       96.6n', '... / ...']","['4.3', '6.3n', '6.2p']","['8', '11.8', '20.8q']",Ukraine
"['12.4', '1.6', '1.3e']","['84.1', '85.7', '86.8c']","['12.3', '2.4', '...']","['2', '1.7', '1.4e']","['77.3 /       75.1', '78.2 /       76.1', '79.1 /       77.1e']","['13.2 /        1.4', '14.2 /        1.8', '14.9 /        3.6a']",,"['0.6l', '0.8', '8.7e']","['7.7', '6.5', '5.5e']","['3.9', '3.6', '4.2m,n']","['1.4', '2.2', '2.5n']","['...', '...', '3.1c']","['102.1 /      101.1o', '111.6 /      111.4', '114.5 /      114.3c']","['... / ...', '... / ...', '101.5 /      102.8c']","['... / ...', '... / ...', '99.2 /      100.9c']","['0.8', '0.6', '0.5p']","['22.5', '17.5', '50q']",United Arab Emirates
,"['81.3', '82.6', '83.7c']",,,,"['17.5 /       22.6', '17.6 /       23.3', '17.6 /       24.7a']",,"['253.3m', '155.1', '191.6e']",,"['10', '9.9', '10n']","['5.2', '5.5', '5.8c']","['5.7', '5.6', '5.4o']","['104.3 /      104.8', '101.9 /      102.0', '100.8 /      101.1n']","['103.1 /      102.7', '126.4 /      122.8', '122.4 /      119.3n']","['99.6 /       96.0', '138.5 /      130.2', '126.3 /      118.8n']","['1.2', '1', '1.2n']","['19.5', '22.8', '33.9p']",United Kingdom
,,,,,,,"['273.8l', '328.2', '293.2e']",,,"['...', '0.1n', '...']","['4.5', '3.4n', '3.7g,d']","['103.8 /      101.9', '87.0 /       82.5', '99.9 /       97.7c']","['28.5 /       34.8', '27.0 /       27.3', '33.3 /       30.8c']","['7.4 /        9.8', '5.0 /        7.4', '5.9 /        7.8c']","['8.8', '7.3', '6.5o']","['30.7', '36', '36.7p']",United Republic of Tanzania
,"['94.6', '95.4', '95.8b']",,,,"['20.7 /       20.4', '20.3 /       24.1', '18.9 /       28.3a']",,,,,,,,,,"['52.8', '49.3g', '...']",,United States Virgin Islands
,"['80.8', '81.7', '82.5b']",,,,"['20.2 /       18.4', '19.2 /       20.5', '18.2 /       23.3a']",,"['270.9l', '491.7', '1 274.0i']",,,"['...', '...', '2.6n']","['...', '5o', '...']",,,,"['4.8', '4.9', '5n']","['16.8', '19.4', '27.3p']",United States of America
,"['94.4', '95', '95.4b']",,,,"['22.2 /       18.5', '21.1 /       19.2', '20.2 /       20.5a']",,"['0.2i', '0.4', '27.2d']",,"['8.6', '9', '9.2j']","['4k', '...', '4.9l']","['2.9m', '4.4n', '5j']","['110.9 /      114.6', '109.8 /      112.2', '105.5 /      106.5j']","['109.5 /       93.2', '... / ...', '127.7 /      114.9j']","['104.6 /       79.4', '... / ...', '128.3 /      105.3j']","['6.1', '8.6', '12.1j']","['14.1', '13.1', '24.2o']",Uruguay
,"['51', '50.8', '50.4b']",,,,"['29.1 /        6.2', '28.4 /        6.9', '28.7 /        8.6a']",,"['0.3o', '86.8', '92.8d']",,"['5.1', '5', '5.3p']","['2.5', '2.4q', '...']",,"['93.1 /       94.7', '99.2 /      100.6', '101.6 /      102.8b']","['89.9 /       89.8', '91.3 /       92.4', '97.1 /       97.7b']","['82.3 /       81.4', '89.6 /       90.4', '96.6 /       94.0b']","['3s', '1.6', '1.1r']","['22', '16', '32.7t']",Uzbekistan
,"['24.5', '25', '25.4b']",,,,"['38.2 /        5.7', '39.1 /        5.7', '38.2 /        5.9a']",,"['~0.0n', '~0.0', '~0.0b']",,,"['0.1p', '0.2q', '0.2r']","['5s', '5.4', '4.5t']","['121.9 /      123.0', '107.8 /      110.7', '... / ...']","['59.5 /       59.6', '54.9 /       53.5', '... / ...']","['43.3 /       51.3', '35.4 /       33.7', '... / ...']",,"['3.8', '0', '0u']",Vanuatu
,"['88.1', '88.2', '88.2b']",,,,"['29.9 /        8.4', '28.4 /        9.6', '26.5 /       12.4a']",,"['217.4l', '174.9', '427.3f']",,,"['...', '...', '1.7d']","['6.9o', '...', '...']","['101.3 /      104.2', '99.8 /      102.0', '96.0 /       98.3d']","['86.6 /       79.0', '94.5 /       87.7', '91.6 /       84.7d']","['77.6 /       66.0', '85.7 /       74.7', '86.0 /       75.2d']","['46', '52', '36.7n']","['17.5', '17', '22.2p,q']",Venezuela (Bolivarian Republic of)
,"['30.4', '33.8', '36.6b']",,,,"['23.6 /        8.8', '23.0 /       10.2', '23.2 /       12.8a']",,"['12.1k', '11', '30.6d']",,"['6', '5.7', '5.9g,l']","['0.7', '0.8', '0.8m']","['5.1', '5.7n', '4.2l']","['103.2 /      108.1', '110.1 /      109.7', '116.7 /      114.3b']",,,"['1.5', '1.5o', '...']","['25.8', '24.3', '26.7p']",Viet Nam
,"['0', '0', '0b']",,,,,,,,,,,,,,,,Wallis and Futuna Islands
,"['86.3', '86.5', '86.8c']",,,,"['29.4 /        3.8', '28.5 /        4.8', '26.9 /        6.6a']",,,,,,,,,,,,Western Sahara
,"['31.8', '34.8', '37.3b']",,,,"['42.7 /        4.3', '40.7 /        4.4', '38.4 /        4.7a']",,"['508.6k', '1 540.5', '4 010.0d']",,,"['0.3l', '0.5f', '...']","['5.2m', '...', '...']","['82.3 /      100.9', '89.4 /      106.6n', '87.1 /       99.9g']","['33.6 /       54.2', '40.0 /       58.2n', '43.3 /       59.6g']","['24.6 /       41.8', '31.6 /       47.2n', '34.5 /       49.5g']","['4.7', '6.8n', '...']","['0.3', '0.3', '0.3o,p']",Yemen
,"['39.4', '41.9', '44.1b']",,,,"['47.3 /        3.3', '46.2 /        3.3', '43.6 /        3.5a']",,"['57.9l', '51.8', '89c']",,,"['0.1', '...', '0.1o']","['1.1p', '4.6', '4.6h,n']","['107.3 /      106.6', '101.6 /      101.3', '99.9 /       97.5q']",,,"['6', '5.4', '...']","['14', '12.7', '16.8r']",Zambia
,"['33.2', '32.4', '32.2b']",,,,"['41.6 /        4.4', '42.6 /        4.4', '41.3 /        4.7a']",,"['4.9j', '308.1', '292.1c']",,"['10.5', '7.5', '4.7e']","['0.1', '0.2', '0.2e']","['1.5', '6.1k', '5.9d,e']","['... / ...', '108.7 /      111.1l', '... / ...']","['... / ...', '51.3 /       53.5l', '... / ...']","['... / ...', '38.9 /       43.2l', '... / ...']","['5.6', '7.5m', '...']","['15', '31.5', '31.9n']",Zimbabwe
